timestamp,instrument,open,high,low,close,volume
2026-05-14 09:15:00,NIFTY,23530.25,23570.85,23530.25,23534.35,0
2026-05-14 09:16:00,NIFTY,23536.05,23563.9,23515.6,23541.5,0
2026-05-14 09:17:00,NIFTY,23540.35,23567.95,23535.3,23567.25,0
2026-05-14 09:18:00,NIFTY,23568.65,23581.5,23558.95,23560.0,0
2026-05-14 09:19:00,NIFTY,23558.4,23560.95,23548.6,23550.05,0
2026-05-14 09:20:00,NIFTY,23549.9,23571.4,23548.9,23557.3,0
2026-05-14 09:21:00,NIFTY,23558.55,23573.75,23554.35,23558.5,0
2026-05-14 09:22:00,NIFTY,23559.5,23575.65,23558.4,23567.95,0
2026-05-14 09:23:00,NIFTY,23568.7,23572.3,23560.0,23566.85,0
2026-05-14 09:24:00,NIFTY,23566.65,23570.3,23556.8,23569.45,0
2026-05-14 09:25:00,NIFTY,23569.7,23575.3,23564.3,23567.25,0
2026-05-14 09:26:00,NIFTY,23567.3,23581.25,23564.55,23578.25,0
2026-05-14 09:27:00,NIFTY,23578.5,23580.3,23568.3,23571.0,0
2026-05-14 09:28:00,NIFTY,23571.15,23576.9,23567.65,23573.95,0
2026-05-14 09:29:00,NIFTY,23573.8,23589.2,23573.3,23581.3,0
2026-05-14 09:30:00,NIFTY,23581.35,23586.2,23571.8,23573.9,0
2026-05-14 09:31:00,NIFTY,23573.45,23579.85,23570.55,23577.85,0
2026-05-14 09:32:00,NIFTY,23580.0,23580.0,23570.05,23574.65,0
2026-05-14 09:33:00,NIFTY,23577.25,23581.8,23573.1,23576.15,0
2026-05-14 09:34:00,NIFTY,23577.55,23580.25,23562.8,23564.3,0
2026-05-14 09:35:00,NIFTY,23565.5,23565.55,23557.3,23560.65,0
2026-05-14 09:36:00,NIFTY,23562.9,23569.95,23549.3,23550.3,0
2026-05-14 09:37:00,NIFTY,23551.7,23553.5,23538.95,23552.6,0
2026-05-14 09:38:00,NIFTY,23553.75,23553.75,23538.7,23540.85,0
2026-05-14 09:39:00,NIFTY,23541.85,23541.85,23523.85,23524.5,0
2026-05-14 09:40:00,NIFTY,23525.75,23526.3,23517.15,23518.25,0
2026-05-14 09:41:00,NIFTY,23521.05,23521.25,23511.05,23511.1,0
2026-05-14 09:42:00,NIFTY,23512.95,23512.95,23502.35,23503.55,0
2026-05-14 09:43:00,NIFTY,23505.4,23512.5,23504.3,23505.35,0
2026-05-14 09:44:00,NIFTY,23506.75,23509.05,23493.8,23496.8,0
2026-05-14 09:45:00,NIFTY,23499.0,23516.45,23496.45,23515.8,0
2026-05-14 09:46:00,NIFTY,23518.4,23532.95,23514.85,23517.35,0
2026-05-14 09:47:00,NIFTY,23519.65,23526.25,23515.3,23516.45,0
2026-05-14 09:48:00,NIFTY,23517.4,23518.45,23495.25,23497.05,0
2026-05-14 09:49:00,NIFTY,23498.25,23498.25,23490.2,23492.65,0
2026-05-14 09:50:00,NIFTY,23494.05,23498.35,23489.15,23494.0,0
2026-05-14 09:51:00,NIFTY,23495.2,23500.7,23492.5,23496.45,0
2026-05-14 09:52:00,NIFTY,23498.3,23502.8,23496.25,23496.4,0
2026-05-14 09:53:00,NIFTY,23497.1,23497.1,23478.0,23478.35,0
2026-05-14 09:54:00,NIFTY,23482.1,23483.0,23468.65,23471.45,0
2026-05-14 09:55:00,NIFTY,23473.2,23479.35,23464.4,23468.0,0
2026-05-14 09:56:00,NIFTY,23470.55,23475.35,23459.45,23461.2,0
2026-05-14 09:57:00,NIFTY,23462.9,23469.15,23452.85,23467.15,0
2026-05-14 09:58:00,NIFTY,23468.25,23468.7,23447.85,23447.85,0
2026-05-14 09:59:00,NIFTY,23450.8,23465.7,23446.7,23464.45,0
2026-05-14 10:00:00,NIFTY,23466.1,23468.75,23455.45,23455.45,0
2026-05-14 10:01:00,NIFTY,23457.8,23470.55,23456.45,23470.55,0
2026-05-14 10:02:00,NIFTY,23471.6,23489.4,23471.2,23489.4,0
2026-05-14 10:03:00,NIFTY,23490.8,23492.6,23482.8,23485.85,0
2026-05-14 10:04:00,NIFTY,23487.35,23488.0,23478.1,23482.55,0
2026-05-14 10:05:00,NIFTY,23483.8,23490.35,23482.45,23483.8,0
2026-05-14 10:06:00,NIFTY,23484.95,23484.95,23465.7,23465.8,0
2026-05-14 10:07:00,NIFTY,23468.75,23474.15,23464.75,23469.6,0
2026-05-14 10:08:00,NIFTY,23470.3,23472.5,23461.7,23462.4,0
2026-05-14 10:09:00,NIFTY,23464.45,23487.4,23459.65,23484.95,0
2026-05-14 10:10:00,NIFTY,23483.85,23484.1,23475.45,23475.85,0
2026-05-14 10:11:00,NIFTY,23477.1,23488.6,23472.2,23488.6,0
2026-05-14 10:12:00,NIFTY,23488.5,23490.7,23481.25,23485.35,0
2026-05-14 10:13:00,NIFTY,23486.85,23494.65,23483.2,23483.3,0
2026-05-14 10:14:00,NIFTY,23485.05,23496.35,23482.15,23495.8,0
2026-05-14 10:15:00,NIFTY,23496.8,23496.8,23488.3,23491.45,0
2026-05-14 10:16:00,NIFTY,23491.0,23491.0,23481.35,23484.95,0
2026-05-14 10:17:00,NIFTY,23485.2,23505.7,23482.6,23505.1,0
2026-05-14 10:18:00,NIFTY,23505.2,23509.65,23497.55,23501.65,0
2026-05-14 10:19:00,NIFTY,23502.7,23513.7,23500.4,23513.7,0
2026-05-14 10:20:00,NIFTY,23515.35,23516.25,23495.95,23495.95,0
2026-05-14 10:21:00,NIFTY,23496.6,23496.6,23483.7,23485.15,0
2026-05-14 10:22:00,NIFTY,23487.5,23489.1,23476.85,23476.85,0
2026-05-14 10:23:00,NIFTY,23478.4,23487.55,23473.25,23484.4,0
2026-05-14 10:24:00,NIFTY,23486.4,23495.8,23484.65,23494.55,0
2026-05-14 10:25:00,NIFTY,23495.95,23498.5,23491.9,23496.15,0
2026-05-14 10:26:00,NIFTY,23497.15,23506.6,23492.95,23505.0,0
2026-05-14 10:27:00,NIFTY,23505.75,23510.5,23501.3,23510.1,0
2026-05-14 10:28:00,NIFTY,23510.6,23517.5,23507.55,23516.75,0
2026-05-14 10:29:00,NIFTY,23517.45,23517.45,23505.6,23506.4,0
2026-05-14 10:30:00,NIFTY,23507.65,23512.4,23505.25,23510.2,0
2026-05-14 10:31:00,NIFTY,23512.35,23512.6,23504.05,23509.05,0
2026-05-14 10:32:00,NIFTY,23509.85,23510.0,23504.05,23506.05,0
2026-05-14 10:33:00,NIFTY,23508.3,23511.35,23504.9,23509.4,0
2026-05-14 10:34:00,NIFTY,23511.9,23519.4,23505.8,23519.05,0
2026-05-14 10:35:00,NIFTY,23520.2,23533.35,23519.4,23530.4,0
2026-05-14 10:36:00,NIFTY,23531.75,23537.5,23526.1,23535.3,0
2026-05-14 10:37:00,NIFTY,23536.45,23536.6,23531.05,23532.25,0
2026-05-14 10:38:00,NIFTY,23533.8,23536.55,23528.7,23531.75,0
2026-05-14 10:39:00,NIFTY,23532.95,23534.7,23527.2,23529.4,0
2026-05-14 10:40:00,NIFTY,23530.55,23533.25,23524.5,23528.85,0
2026-05-14 10:41:00,NIFTY,23529.25,23529.95,23520.1,23521.25,0
2026-05-14 10:42:00,NIFTY,23522.15,23525.4,23516.55,23516.75,0
2026-05-14 10:43:00,NIFTY,23518.0,23518.0,23499.25,23502.15,0
2026-05-14 10:44:00,NIFTY,23503.05,23504.35,23496.8,23497.25,0
2026-05-14 10:45:00,NIFTY,23495.6,23495.6,23473.7,23482.15,0
2026-05-14 10:46:00,NIFTY,23481.45,23482.25,23472.45,23472.95,0
2026-05-14 10:47:00,NIFTY,23474.25,23474.25,23460.65,23461.85,0
2026-05-14 10:48:00,NIFTY,23462.6,23463.5,23450.5,23455.0,0
2026-05-14 10:49:00,NIFTY,23456.6,23456.6,23436.05,23437.2,0
2026-05-14 10:50:00,NIFTY,23439.0,23456.5,23426.55,23456.3,0
2026-05-14 10:51:00,NIFTY,23457.55,23468.5,23453.7,23460.45,0
2026-05-14 10:52:00,NIFTY,23462.15,23470.55,23461.3,23470.35,0
2026-05-14 10:53:00,NIFTY,23472.35,23474.05,23465.9,23470.0,0
2026-05-14 10:54:00,NIFTY,23471.2,23480.6,23470.65,23473.0,0
2026-05-14 10:55:00,NIFTY,23473.3,23473.75,23462.5,23468.6,0
2026-05-14 10:56:00,NIFTY,23469.85,23471.15,23449.55,23452.4,0
2026-05-14 10:57:00,NIFTY,23453.35,23453.35,23438.5,23438.5,0
2026-05-14 10:58:00,NIFTY,23441.2,23444.0,23434.35,23441.45,0
2026-05-14 10:59:00,NIFTY,23442.2,23442.6,23430.45,23430.45,0
2026-05-14 11:00:00,NIFTY,23432.9,23442.7,23431.65,23438.85,0
2026-05-14 11:01:00,NIFTY,23439.85,23440.0,23435.95,23436.2,0
2026-05-14 11:02:00,NIFTY,23437.35,23439.05,23433.3,23434.35,0
2026-05-14 11:03:00,NIFTY,23435.2,23444.15,23435.05,23440.65,0
2026-05-14 11:04:00,NIFTY,23441.85,23443.8,23434.3,23435.25,0
2026-05-14 11:05:00,NIFTY,23435.95,23440.2,23433.1,23439.45,0
2026-05-14 11:06:00,NIFTY,23441.0,23446.4,23438.15,23442.9,0
2026-05-14 11:07:00,NIFTY,23444.15,23444.6,23434.35,23437.7,0
2026-05-14 11:08:00,NIFTY,23440.0,23440.0,23428.35,23433.25,0
2026-05-14 11:09:00,NIFTY,23433.95,23434.9,23427.85,23432.1,0
2026-05-14 11:10:00,NIFTY,23433.45,23444.5,23429.7,23443.2,0
2026-05-14 11:11:00,NIFTY,23445.0,23452.25,23440.65,23452.0,0
2026-05-14 11:12:00,NIFTY,23452.5,23457.5,23451.9,23456.2,0
2026-05-14 11:13:00,NIFTY,23456.7,23456.7,23444.75,23449.7,0
2026-05-14 11:14:00,NIFTY,23451.05,23461.35,23449.55,23459.15,0
2026-05-14 11:15:00,NIFTY,23459.85,23475.15,23459.0,23473.15,0
2026-05-14 11:16:00,NIFTY,23475.5,23477.85,23464.05,23477.05,0
2026-05-14 11:17:00,NIFTY,23478.2,23482.5,23475.5,23480.65,0
2026-05-14 11:18:00,NIFTY,23484.05,23496.05,23483.15,23492.9,0
2026-05-14 11:19:00,NIFTY,23494.6,23502.95,23490.45,23502.95,0
2026-05-14 11:20:00,NIFTY,23503.85,23506.85,23500.7,23506.85,0
2026-05-14 11:21:00,NIFTY,23507.85,23521.1,23505.7,23520.9,0
2026-05-14 11:22:00,NIFTY,23522.5,23530.35,23521.85,23528.95,0
2026-05-14 11:23:00,NIFTY,23530.0,23536.6,23525.65,23535.15,0
2026-05-14 11:24:00,NIFTY,23537.05,23549.25,23536.55,23543.15,0
2026-05-14 11:25:00,NIFTY,23545.7,23545.7,23530.45,23530.65,0
2026-05-14 11:26:00,NIFTY,23533.3,23535.95,23514.05,23518.7,0
2026-05-14 11:27:00,NIFTY,23521.1,23548.85,23520.95,23545.8,0
2026-05-14 11:28:00,NIFTY,23549.05,23574.75,23544.5,23574.6,0
2026-05-14 11:29:00,NIFTY,23574.1,23577.8,23560.65,23567.4,0
2026-05-14 11:30:00,NIFTY,23568.5,23578.3,23566.6,23576.15,0
2026-05-14 11:31:00,NIFTY,23578.45,23585.65,23569.95,23584.9,0
2026-05-14 11:32:00,NIFTY,23586.7,23589.1,23577.55,23583.8,0
2026-05-14 11:33:00,NIFTY,23585.7,23605.6,23584.35,23602.65,0
2026-05-14 11:34:00,NIFTY,23603.85,23610.35,23601.4,23604.65,0
2026-05-14 11:35:00,NIFTY,23605.3,23621.2,23603.7,23618.2,0
2026-05-14 11:36:00,NIFTY,23621.2,23626.6,23612.75,23613.4,0
2026-05-14 11:37:00,NIFTY,23614.65,23616.9,23600.9,23609.1,0
2026-05-14 11:38:00,NIFTY,23611.05,23618.85,23607.75,23618.25,0
2026-05-14 11:39:00,NIFTY,23620.55,23634.2,23618.05,23628.05,0
2026-05-14 11:40:00,NIFTY,23629.15,23629.85,23612.25,23626.85,0
2026-05-14 11:41:00,NIFTY,23627.45,23656.75,23626.2,23646.7,0
2026-05-14 11:42:00,NIFTY,23647.5,23659.55,23646.55,23657.0,0
2026-05-14 11:43:00,NIFTY,23658.95,23660.6,23643.3,23651.4,0
2026-05-14 11:44:00,NIFTY,23652.45,23669.45,23651.2,23669.45,0
2026-05-14 11:45:00,NIFTY,23670.7,23682.7,23651.55,23652.65,0
2026-05-14 11:46:00,NIFTY,23655.25,23655.6,23645.05,23654.95,0
2026-05-14 11:47:00,NIFTY,23655.9,23669.5,23655.05,23667.85,0
2026-05-14 11:48:00,NIFTY,23668.65,23675.7,23664.95,23673.95,0
2026-05-14 11:49:00,NIFTY,23675.15,23683.55,23673.25,23681.25,0
2026-05-14 11:50:00,NIFTY,23683.35,23687.65,23671.7,23687.65,0
2026-05-14 11:51:00,NIFTY,23688.75,23695.45,23676.8,23689.4,0
2026-05-14 11:52:00,NIFTY,23690.85,23702.5,23688.35,23691.1,0
2026-05-14 11:53:00,NIFTY,23692.15,23692.15,23679.6,23680.4,0
2026-05-14 11:54:00,NIFTY,23681.45,23681.45,23669.4,23673.75,0
2026-05-14 11:55:00,NIFTY,23675.45,23685.65,23666.9,23670.6,0
2026-05-14 11:56:00,NIFTY,23672.3,23687.55,23668.8,23681.0,0
2026-05-14 11:57:00,NIFTY,23682.5,23688.35,23679.25,23684.65,0
2026-05-14 11:58:00,NIFTY,23685.7,23689.0,23678.8,23679.4,0
2026-05-14 11:59:00,NIFTY,23681.95,23689.3,23679.55,23684.6,0
2026-05-14 12:00:00,NIFTY,23685.55,23685.55,23666.6,23668.3,0
2026-05-14 12:01:00,NIFTY,23668.7,23673.15,23658.0,23658.0,0
2026-05-14 12:02:00,NIFTY,23658.95,23665.55,23653.45,23664.7,0
2026-05-14 12:03:00,NIFTY,23667.3,23667.3,23651.2,23651.2,0
2026-05-14 12:04:00,NIFTY,23653.75,23655.45,23645.95,23650.6,0
2026-05-14 12:05:00,NIFTY,23653.45,23658.25,23647.1,23654.95,0
2026-05-14 12:06:00,NIFTY,23655.9,23655.9,23646.4,23652.25,0
2026-05-14 12:07:00,NIFTY,23653.3,23669.3,23649.9,23667.6,0
2026-05-14 12:08:00,NIFTY,23669.1,23669.1,23658.45,23665.25,0
2026-05-14 12:09:00,NIFTY,23666.4,23667.15,23645.85,23650.65,0
2026-05-14 12:10:00,NIFTY,23651.95,23653.75,23636.85,23638.8,0
2026-05-14 12:11:00,NIFTY,23641.35,23652.9,23636.45,23650.5,0
2026-05-14 12:12:00,NIFTY,23651.05,23653.2,23643.6,23644.15,0
2026-05-14 12:13:00,NIFTY,23646.25,23649.3,23641.15,23646.8,0
2026-05-14 12:14:00,NIFTY,23648.5,23668.25,23645.55,23667.4,0
2026-05-14 12:15:00,NIFTY,23667.95,23682.7,23667.2,23675.85,0
2026-05-14 12:16:00,NIFTY,23677.95,23690.15,23676.5,23689.8,0
2026-05-14 12:17:00,NIFTY,23690.6,23707.45,23689.55,23707.45,0
2026-05-14 12:18:00,NIFTY,23707.4,23708.1,23697.85,23699.85,0
2026-05-14 12:19:00,NIFTY,23700.45,23700.45,23680.15,23681.65,0
2026-05-14 12:20:00,NIFTY,23682.6,23696.0,23680.2,23687.65,0
2026-05-14 12:21:00,NIFTY,23688.9,23693.75,23682.6,23683.2,0
2026-05-14 12:22:00,NIFTY,23683.2,23689.35,23681.2,23689.2,0
2026-05-14 12:23:00,NIFTY,23690.0,23692.65,23680.45,23692.65,0
2026-05-14 12:24:00,NIFTY,23693.15,23699.1,23690.5,23696.25,0
2026-05-14 12:25:00,NIFTY,23697.9,23699.8,23691.0,23691.4,0
2026-05-14 12:26:00,NIFTY,23693.0,23697.4,23688.2,23695.5,0
2026-05-14 12:27:00,NIFTY,23696.65,23702.9,23691.75,23692.05,0
2026-05-14 12:28:00,NIFTY,23693.8,23706.05,23693.2,23705.5,0
2026-05-14 12:29:00,NIFTY,23707.0,23708.3,23691.45,23692.65,0
2026-05-14 12:30:00,NIFTY,23695.2,23701.25,23689.5,23690.35,0
2026-05-14 12:31:00,NIFTY,23691.1,23691.1,23679.2,23686.5,0
2026-05-14 12:32:00,NIFTY,23687.85,23693.3,23684.2,23689.95,0
2026-05-14 12:33:00,NIFTY,23691.6,23692.05,23684.8,23689.0,0
2026-05-14 12:34:00,NIFTY,23690.0,23690.75,23681.6,23682.7,0
2026-05-14 12:35:00,NIFTY,23682.4,23685.35,23675.35,23684.85,0
2026-05-14 12:36:00,NIFTY,23686.35,23690.15,23684.35,23686.1,0
2026-05-14 12:37:00,NIFTY,23687.75,23687.75,23677.05,23678.1,0
2026-05-14 12:38:00,NIFTY,23679.9,23684.45,23678.05,23678.25,0
2026-05-14 12:39:00,NIFTY,23679.1,23679.1,23667.45,23677.35,0
2026-05-14 12:40:00,NIFTY,23679.45,23683.95,23676.9,23678.35,0
2026-05-14 12:41:00,NIFTY,23679.0,23682.0,23674.0,23674.8,0
2026-05-14 12:42:00,NIFTY,23676.5,23684.5,23673.1,23683.5,0
2026-05-14 12:43:00,NIFTY,23685.4,23687.05,23681.6,23684.8,0
2026-05-14 12:44:00,NIFTY,23686.35,23702.9,23684.95,23701.7,0
2026-05-14 12:45:00,NIFTY,23703.35,23708.1,23698.95,23701.7,0
2026-05-14 12:46:00,NIFTY,23702.6,23707.8,23684.15,23684.65,0
2026-05-14 12:47:00,NIFTY,23685.6,23705.35,23685.2,23704.2,0
2026-05-14 12:48:00,NIFTY,23706.1,23708.65,23702.6,23705.7,0
2026-05-14 12:49:00,NIFTY,23706.85,23713.0,23706.6,23710.55,0
2026-05-14 12:50:00,NIFTY,23711.75,23711.75,23696.5,23700.95,0
2026-05-14 12:51:00,NIFTY,23703.05,23704.2,23693.2,23693.2,0
2026-05-14 12:52:00,NIFTY,23692.65,23693.2,23677.7,23680.65,0
2026-05-14 12:53:00,NIFTY,23682.0,23682.4,23675.8,23680.9,0
2026-05-14 12:54:00,NIFTY,23681.9,23688.3,23679.95,23684.95,0
2026-05-14 12:55:00,NIFTY,23686.15,23692.5,23684.2,23684.35,0
2026-05-14 12:56:00,NIFTY,23686.05,23686.05,23676.65,23679.1,0
2026-05-14 12:57:00,NIFTY,23680.85,23694.0,23679.65,23692.6,0
2026-05-14 12:58:00,NIFTY,23694.0,23697.1,23688.65,23694.95,0
2026-05-14 12:59:00,NIFTY,23695.2,23696.0,23688.1,23689.0,0
2026-05-14 13:00:00,NIFTY,23690.2,23708.35,23689.3,23706.6,0
2026-05-14 13:01:00,NIFTY,23707.35,23707.55,23699.2,23705.35,0
2026-05-14 13:02:00,NIFTY,23706.35,23718.2,23697.4,23718.2,0
2026-05-14 13:03:00,NIFTY,23718.95,23726.4,23717.3,23726.4,0
2026-05-14 13:04:00,NIFTY,23727.2,23739.65,23727.2,23738.45,0
2026-05-14 13:05:00,NIFTY,23739.45,23747.8,23738.05,23742.35,0
2026-05-14 13:06:00,NIFTY,23744.1,23744.25,23730.75,23732.85,0
2026-05-14 13:07:00,NIFTY,23735.1,23736.2,23729.85,23733.3,0
2026-05-14 13:08:00,NIFTY,23734.25,23734.25,23723.1,23723.1,0
2026-05-14 13:09:00,NIFTY,23725.4,23728.1,23721.55,23722.75,0
2026-05-14 13:10:00,NIFTY,23723.4,23726.7,23708.15,23708.35,0
2026-05-14 13:11:00,NIFTY,23709.4,23709.4,23695.9,23699.5,0
2026-05-14 13:12:00,NIFTY,23701.6,23718.35,23698.0,23717.15,0
2026-05-14 13:13:00,NIFTY,23719.15,23722.85,23710.3,23713.9,0
2026-05-14 13:14:00,NIFTY,23715.45,23720.95,23707.4,23713.55,0
2026-05-14 13:15:00,NIFTY,23715.25,23721.25,23709.65,23720.75,0
2026-05-14 13:16:00,NIFTY,23722.6,23728.9,23719.75,23728.1,0
2026-05-14 13:17:00,NIFTY,23728.95,23732.85,23718.15,23721.9,0
2026-05-14 13:18:00,NIFTY,23722.85,23726.35,23711.4,23712.15,0
2026-05-14 13:19:00,NIFTY,23714.35,23724.55,23709.8,23721.15,0
2026-05-14 13:20:00,NIFTY,23722.15,23722.4,23712.15,23717.1,0
2026-05-14 13:21:00,NIFTY,23719.85,23724.75,23715.0,23721.7,0
2026-05-14 13:22:00,NIFTY,23722.2,23725.75,23714.35,23715.15,0
2026-05-14 13:23:00,NIFTY,23716.9,23727.3,23713.45,23721.25,0
2026-05-14 13:24:00,NIFTY,23723.35,23724.35,23710.65,23710.75,0
2026-05-14 13:25:00,NIFTY,23711.9,23718.4,23709.9,23716.7,0
2026-05-14 13:26:00,NIFTY,23718.15,23725.25,23716.25,23721.0,0
2026-05-14 13:27:00,NIFTY,23723.95,23724.2,23718.05,23720.35,0
2026-05-14 13:28:00,NIFTY,23723.6,23728.4,23717.5,23724.4,0
2026-05-14 13:29:00,NIFTY,23725.7,23729.5,23711.8,23715.15,0
2026-05-14 13:30:00,NIFTY,23718.1,23724.9,23709.3,23724.8,0
2026-05-14 13:31:00,NIFTY,23725.65,23731.2,23722.8,23728.9,0
2026-05-14 13:32:00,NIFTY,23730.3,23734.75,23724.85,23731.35,0
2026-05-14 13:33:00,NIFTY,23732.7,23738.9,23730.9,23735.95,0
2026-05-14 13:34:00,NIFTY,23735.95,23739.55,23731.3,23737.85,0
2026-05-14 13:35:00,NIFTY,23741.3,23743.5,23735.75,23741.65,0
2026-05-14 13:36:00,NIFTY,23743.75,23751.9,23740.25,23750.75,0
2026-05-14 13:37:00,NIFTY,23752.55,23760.45,23750.9,23757.05,0
2026-05-14 13:38:00,NIFTY,23758.25,23760.25,23752.8,23755.8,0
2026-05-14 13:39:00,NIFTY,23756.55,23756.55,23738.0,23739.25,0
2026-05-14 13:40:00,NIFTY,23740.55,23757.75,23738.05,23757.45,0
2026-05-14 13:41:00,NIFTY,23758.55,23758.6,23743.9,23744.2,0
2026-05-14 13:42:00,NIFTY,23745.35,23751.1,23739.2,23742.2,0
2026-05-14 13:43:00,NIFTY,23742.9,23752.25,23740.5,23749.4,0
2026-05-14 13:44:00,NIFTY,23749.85,23753.1,23745.2,23752.55,0
2026-05-14 13:45:00,NIFTY,23753.8,23763.65,23752.15,23753.55,0
2026-05-14 13:46:00,NIFTY,23755.65,23759.15,23744.85,23744.85,0
2026-05-14 13:47:00,NIFTY,23747.5,23748.75,23741.2,23741.3,0
2026-05-14 13:48:00,NIFTY,23744.15,23744.15,23735.45,23739.05,0
2026-05-14 13:49:00,NIFTY,23740.15,23748.8,23738.15,23740.9,0
2026-05-14 13:50:00,NIFTY,23742.5,23749.9,23739.15,23749.9,0
2026-05-14 13:51:00,NIFTY,23751.7,23753.5,23739.95,23742.45,0
2026-05-14 13:52:00,NIFTY,23743.3,23743.3,23732.4,23734.1,0
2026-05-14 13:53:00,NIFTY,23735.7,23739.45,23725.95,23730.85,0
2026-05-14 13:54:00,NIFTY,23732.25,23749.75,23727.25,23747.85,0
2026-05-14 13:55:00,NIFTY,23749.95,23751.05,23738.2,23750.65,0
2026-05-14 13:56:00,NIFTY,23752.2,23755.1,23746.2,23750.3,0
2026-05-14 13:57:00,NIFTY,23751.1,23753.7,23745.6,23751.55,0
2026-05-14 13:58:00,NIFTY,23753.35,23756.15,23747.7,23751.1,0
2026-05-14 13:59:00,NIFTY,23752.05,23753.55,23747.5,23751.35,0
2026-05-14 14:00:00,NIFTY,23751.85,23753.9,23741.1,23745.35,0
2026-05-14 14:01:00,NIFTY,23746.9,23750.6,23740.0,23750.6,0
2026-05-14 14:02:00,NIFTY,23751.85,23758.5,23747.05,23748.15,0
2026-05-14 14:03:00,NIFTY,23749.75,23751.0,23742.35,23748.6,0
2026-05-14 14:04:00,NIFTY,23749.85,23756.8,23745.75,23751.05,0
2026-05-14 14:05:00,NIFTY,23753.7,23759.15,23748.9,23756.5,0
2026-05-14 14:06:00,NIFTY,23757.55,23757.85,23745.35,23751.45,0
2026-05-14 14:07:00,NIFTY,23752.75,23768.75,23750.0,23763.7,0
2026-05-14 14:08:00,NIFTY,23766.6,23766.6,23754.1,23757.65,0
2026-05-14 14:09:00,NIFTY,23758.15,23761.65,23752.9,23758.05,0
2026-05-14 14:10:00,NIFTY,23759.6,23765.2,23755.9,23755.9,0
2026-05-14 14:11:00,NIFTY,23757.75,23759.75,23749.8,23759.75,0
2026-05-14 14:12:00,NIFTY,23760.55,23760.55,23749.3,23751.95,0
2026-05-14 14:13:00,NIFTY,23753.55,23754.15,23746.0,23749.65,0
2026-05-14 14:14:00,NIFTY,23749.65,23749.75,23741.45,23744.55,0
2026-05-14 14:15:00,NIFTY,23746.45,23755.4,23744.25,23752.75,0
2026-05-14 14:16:00,NIFTY,23754.5,23757.6,23752.8,23754.5,0
2026-05-14 14:17:00,NIFTY,23754.9,23754.9,23747.15,23750.3,0
2026-05-14 14:18:00,NIFTY,23752.05,23754.8,23749.2,23750.25,0
2026-05-14 14:19:00,NIFTY,23751.75,23752.5,23724.4,23724.9,0
2026-05-14 14:20:00,NIFTY,23727.35,23736.2,23719.8,23736.2,0
2026-05-14 14:21:00,NIFTY,23736.85,23741.9,23733.6,23737.9,0
2026-05-14 14:22:00,NIFTY,23738.7,23738.75,23731.05,23733.85,0
2026-05-14 14:23:00,NIFTY,23736.85,23741.2,23734.6,23735.9,0
2026-05-14 14:24:00,NIFTY,23738.85,23743.45,23735.2,23740.2,0
2026-05-14 14:25:00,NIFTY,23741.5,23754.15,23740.9,23750.1,0
2026-05-14 14:26:00,NIFTY,23752.55,23754.1,23749.1,23750.4,0
2026-05-14 14:27:00,NIFTY,23752.2,23754.2,23747.75,23752.7,0
2026-05-14 14:28:00,NIFTY,23754.15,23754.8,23748.05,23752.7,0
2026-05-14 14:29:00,NIFTY,23754.55,23757.8,23750.4,23755.35,0
2026-05-14 14:30:00,NIFTY,23756.1,23758.8,23750.15,23755.65,0
2026-05-14 14:31:00,NIFTY,23757.2,23758.8,23751.65,23756.75,0
2026-05-14 14:32:00,NIFTY,23759.85,23765.2,23755.4,23761.8,0
2026-05-14 14:33:00,NIFTY,23763.5,23774.95,23761.6,23774.95,0
2026-05-14 14:34:00,NIFTY,23774.95,23777.2,23758.7,23758.85,0
2026-05-14 14:35:00,NIFTY,23760.7,23761.05,23750.05,23753.3,0
2026-05-14 14:36:00,NIFTY,23755.45,23755.45,23727.5,23729.7,0
2026-05-14 14:37:00,NIFTY,23731.65,23742.9,23725.95,23737.2,0
2026-05-14 14:38:00,NIFTY,23737.85,23746.1,23730.95,23741.85,0
2026-05-14 14:39:00,NIFTY,23743.8,23744.75,23735.6,23737.75,0
2026-05-14 14:40:00,NIFTY,23739.75,23742.6,23725.45,23725.9,0
2026-05-14 14:41:00,NIFTY,23728.0,23730.05,23722.3,23726.9,0
2026-05-14 14:42:00,NIFTY,23728.95,23734.35,23726.25,23728.9,0
2026-05-14 14:43:00,NIFTY,23732.0,23734.6,23727.65,23733.55,0
2026-05-14 14:44:00,NIFTY,23734.8,23735.2,23727.1,23730.1,0
2026-05-14 14:45:00,NIFTY,23729.85,23733.0,23714.0,23716.35,0
2026-05-14 14:46:00,NIFTY,23717.9,23717.9,23696.9,23701.2,0
2026-05-14 14:47:00,NIFTY,23703.9,23714.8,23698.2,23708.4,0
2026-05-14 14:48:00,NIFTY,23710.5,23713.8,23695.85,23697.0,0
2026-05-14 14:49:00,NIFTY,23699.0,23701.3,23693.2,23694.7,0
2026-05-14 14:50:00,NIFTY,23695.5,23713.95,23692.35,23704.35,0
2026-05-14 14:51:00,NIFTY,23706.9,23709.5,23695.8,23706.85,0
2026-05-14 14:52:00,NIFTY,23710.5,23716.75,23707.85,23712.35,0
2026-05-14 14:53:00,NIFTY,23714.7,23714.7,23700.6,23709.85,0
2026-05-14 14:54:00,NIFTY,23711.0,23714.3,23698.9,23702.4,0
2026-05-14 14:55:00,NIFTY,23702.85,23708.5,23701.95,23705.45,0
2026-05-14 14:56:00,NIFTY,23706.75,23706.8,23700.25,23705.45,0
2026-05-14 14:57:00,NIFTY,23706.0,23707.3,23698.6,23700.15,0
2026-05-14 14:58:00,NIFTY,23700.95,23700.95,23688.25,23693.8,0
2026-05-14 14:59:00,NIFTY,23695.0,23722.9,23694.65,23710.15,0
2026-05-14 15:00:00,NIFTY,23711.65,23713.25,23701.6,23707.3,0
2026-05-14 15:01:00,NIFTY,23707.4,23707.4,23690.2,23697.0,0
2026-05-14 15:02:00,NIFTY,23697.0,23713.1,23697.0,23703.95,0
2026-05-14 15:03:00,NIFTY,23706.9,23707.35,23691.15,23705.2,0
2026-05-14 15:04:00,NIFTY,23706.95,23710.7,23700.2,23706.2,0
2026-05-14 15:05:00,NIFTY,23706.2,23707.65,23690.35,23691.25,0
2026-05-14 15:06:00,NIFTY,23694.75,23696.05,23683.85,23685.4,0
2026-05-14 15:07:00,NIFTY,23686.8,23686.8,23676.05,23677.95,0
2026-05-14 15:08:00,NIFTY,23677.95,23691.2,23670.2,23690.25,0
2026-05-14 15:09:00,NIFTY,23692.25,23693.35,23672.0,23672.9,0
2026-05-14 15:10:00,NIFTY,23673.8,23687.55,23670.9,23683.05,0
2026-05-14 15:11:00,NIFTY,23683.05,23691.95,23679.05,23687.85,0
2026-05-14 15:12:00,NIFTY,23688.45,23689.8,23675.7,23677.95,0
2026-05-14 15:13:00,NIFTY,23679.2,23685.1,23677.9,23678.85,0
2026-05-14 15:14:00,NIFTY,23678.85,23683.85,23672.3,23683.8,0
2026-05-14 15:15:00,NIFTY,23683.35,23685.55,23675.9,23676.45,0
2026-05-14 15:16:00,NIFTY,23675.95,23681.45,23668.15,23681.15,0
2026-05-14 15:17:00,NIFTY,23681.15,23689.1,23678.7,23684.6,0
2026-05-14 15:18:00,NIFTY,23684.9,23687.2,23680.7,23684.8,0
2026-05-14 15:19:00,NIFTY,23684.1,23691.0,23683.25,23687.3,0
2026-05-14 15:20:00,NIFTY,23687.3,23688.9,23679.75,23681.6,0
2026-05-14 15:21:00,NIFTY,23682.3,23685.55,23679.7,23682.15,0
2026-05-14 15:22:00,NIFTY,23683.05,23684.75,23679.35,23682.65,0
2026-05-14 15:23:00,NIFTY,23682.65,23690.85,23681.95,23690.05,0
2026-05-14 15:24:00,NIFTY,23689.35,23697.25,23684.6,23696.6,0
2026-05-14 15:25:00,NIFTY,23695.75,23697.45,23688.1,23690.7,0
2026-05-14 15:26:00,NIFTY,23690.7,23702.3,23690.7,23701.55,0
2026-05-14 15:27:00,NIFTY,23702.05,23712.25,23700.95,23710.8,0
2026-05-14 15:28:00,NIFTY,23711.55,23719.1,23710.75,23719.0,0
2026-05-14 15:29:00,NIFTY,23719.0,23719.55,23706.85,23713.75,0
2026-05-15 09:15:00,NIFTY,23731.4,23774.95,23688.35,23691.55,0
2026-05-15 09:16:00,NIFTY,23691.65,23730.75,23663.35,23729.3,0
2026-05-15 09:17:00,NIFTY,23730.3,23747.65,23716.45,23719.35,0
2026-05-15 09:18:00,NIFTY,23718.2,23752.95,23716.2,23737.05,0
2026-05-15 09:19:00,NIFTY,23735.8,23736.8,23716.5,23719.1,0
2026-05-15 09:20:00,NIFTY,23719.1,23730.45,23712.25,23717.8,0
2026-05-15 09:21:00,NIFTY,23719.35,23742.65,23715.55,23718.7,0
2026-05-15 09:22:00,NIFTY,23721.65,23753.35,23707.3,23741.95,0
2026-05-15 09:23:00,NIFTY,23741.05,23749.6,23735.8,23749.1,0
2026-05-15 09:24:00,NIFTY,23749.75,23765.7,23743.5,23764.9,0
2026-05-15 09:25:00,NIFTY,23764.95,23771.25,23759.1,23761.0,0
2026-05-15 09:26:00,NIFTY,23760.55,23766.45,23751.85,23765.3,0
2026-05-15 09:27:00,NIFTY,23765.45,23788.9,23764.7,23788.9,0
2026-05-15 09:28:00,NIFTY,23787.75,23792.05,23781.0,23790.3,0
2026-05-15 09:29:00,NIFTY,23788.45,23796.95,23787.6,23787.9,0
2026-05-15 09:30:00,NIFTY,23787.3,23790.25,23755.3,23755.55,0
2026-05-15 09:31:00,NIFTY,23756.3,23782.05,23753.15,23780.35,0
2026-05-15 09:32:00,NIFTY,23779.95,23783.95,23763.5,23773.5,0
2026-05-15 09:33:00,NIFTY,23770.55,23784.9,23768.45,23770.1,0
2026-05-15 09:34:00,NIFTY,23769.7,23771.35,23748.5,23749.6,0
2026-05-15 09:35:00,NIFTY,23748.8,23756.4,23737.25,23748.45,0
2026-05-15 09:36:00,NIFTY,23748.7,23750.9,23734.1,23739.15,0
2026-05-15 09:37:00,NIFTY,23739.05,23755.05,23737.0,23754.95,0
2026-05-15 09:38:00,NIFTY,23753.9,23763.6,23753.8,23761.45,0
2026-05-15 09:39:00,NIFTY,23762.2,23772.9,23760.45,23770.8,0
2026-05-15 09:40:00,NIFTY,23770.65,23777.3,23769.6,23773.55,0
2026-05-15 09:41:00,NIFTY,23773.65,23785.75,23772.65,23785.75,0
2026-05-15 09:42:00,NIFTY,23784.7,23794.65,23784.7,23792.4,0
2026-05-15 09:43:00,NIFTY,23793.55,23798.8,23792.4,23794.65,0
2026-05-15 09:44:00,NIFTY,23793.9,23803.15,23791.85,23802.1,0
2026-05-15 09:45:00,NIFTY,23802.5,23807.85,23792.55,23798.6,0
2026-05-15 09:46:00,NIFTY,23798.45,23815.05,23798.45,23813.05,0
2026-05-15 09:47:00,NIFTY,23812.45,23818.0,23808.8,23813.45,0
2026-05-15 09:48:00,NIFTY,23813.45,23815.55,23796.75,23797.5,0
2026-05-15 09:49:00,NIFTY,23796.85,23799.7,23793.65,23795.6,0
2026-05-15 09:50:00,NIFTY,23795.15,23804.45,23791.0,23804.45,0
2026-05-15 09:51:00,NIFTY,23804.35,23812.2,23799.5,23804.95,0
2026-05-15 09:52:00,NIFTY,23804.7,23807.85,23799.75,23801.85,0
2026-05-15 09:53:00,NIFTY,23801.8,23806.95,23799.6,23803.95,0
2026-05-15 09:54:00,NIFTY,23804.3,23824.75,23804.3,23824.75,0
2026-05-15 09:55:00,NIFTY,23823.0,23836.0,23823.0,23830.0,0
2026-05-15 09:56:00,NIFTY,23829.65,23835.5,23828.4,23832.6,0
2026-05-15 09:57:00,NIFTY,23832.2,23834.7,23827.85,23834.35,0
2026-05-15 09:58:00,NIFTY,23834.55,23837.0,23823.3,23825.05,0
2026-05-15 09:59:00,NIFTY,23825.6,23827.9,23817.95,23817.95,0
2026-05-15 10:00:00,NIFTY,23819.1,23821.35,23802.25,23805.15,0
2026-05-15 10:01:00,NIFTY,23805.3,23806.25,23787.7,23787.7,0
2026-05-15 10:02:00,NIFTY,23789.75,23804.6,23788.55,23802.5,0
2026-05-15 10:03:00,NIFTY,23801.85,23806.2,23797.05,23801.1,0
2026-05-15 10:04:00,NIFTY,23801.15,23819.55,23801.15,23818.35,0
2026-05-15 10:05:00,NIFTY,23818.55,23819.25,23801.35,23807.1,0
2026-05-15 10:06:00,NIFTY,23807.1,23809.05,23799.15,23807.05,0
2026-05-15 10:07:00,NIFTY,23807.55,23810.75,23797.6,23798.9,0
2026-05-15 10:08:00,NIFTY,23799.55,23800.95,23789.05,23792.1,0
2026-05-15 10:09:00,NIFTY,23791.45,23792.95,23785.25,23787.6,0
2026-05-15 10:10:00,NIFTY,23787.5,23795.7,23787.2,23789.25,0
2026-05-15 10:11:00,NIFTY,23789.55,23801.35,23785.85,23787.0,0
2026-05-15 10:12:00,NIFTY,23786.95,23795.4,23781.25,23793.15,0
2026-05-15 10:13:00,NIFTY,23793.15,23797.85,23791.75,23792.25,0
2026-05-15 10:14:00,NIFTY,23792.1,23801.45,23791.7,23800.25,0
2026-05-15 10:15:00,NIFTY,23800.3,23811.2,23800.25,23804.5,0
2026-05-15 10:16:00,NIFTY,23805.55,23815.5,23804.2,23808.5,0
2026-05-15 10:17:00,NIFTY,23808.45,23812.55,23792.5,23792.9,0
2026-05-15 10:18:00,NIFTY,23792.9,23798.45,23792.65,23798.45,0
2026-05-15 10:19:00,NIFTY,23798.3,23803.85,23795.05,23796.4,0
2026-05-15 10:20:00,NIFTY,23796.5,23797.7,23788.75,23794.9,0
2026-05-15 10:21:00,NIFTY,23794.35,23808.0,23793.6,23807.75,0
2026-05-15 10:22:00,NIFTY,23807.55,23816.55,23804.7,23814.25,0
2026-05-15 10:23:00,NIFTY,23813.8,23815.0,23801.8,23802.6,0
2026-05-15 10:24:00,NIFTY,23803.2,23821.0,23801.7,23820.5,0
2026-05-15 10:25:00,NIFTY,23820.6,23827.15,23820.2,23824.75,0
2026-05-15 10:26:00,NIFTY,23823.5,23834.15,23822.65,23825.55,0
2026-05-15 10:27:00,NIFTY,23825.4,23828.8,23821.95,23828.0,0
2026-05-15 10:28:00,NIFTY,23827.65,23831.65,23822.95,23828.5,0
2026-05-15 10:29:00,NIFTY,23828.2,23831.3,23824.5,23828.15,0
2026-05-15 10:30:00,NIFTY,23827.85,23829.25,23823.6,23824.95,0
2026-05-15 10:31:00,NIFTY,23824.75,23827.25,23809.85,23815.85,0
2026-05-15 10:32:00,NIFTY,23815.5,23820.35,23813.9,23814.55,0
2026-05-15 10:33:00,NIFTY,23815.3,23815.3,23805.15,23806.7,0
2026-05-15 10:34:00,NIFTY,23806.5,23815.55,23806.5,23815.15,0
2026-05-15 10:35:00,NIFTY,23815.15,23816.1,23808.35,23808.95,0
2026-05-15 10:36:00,NIFTY,23809.3,23819.05,23809.1,23817.6,0
2026-05-15 10:37:00,NIFTY,23817.45,23822.1,23813.85,23815.55,0
2026-05-15 10:38:00,NIFTY,23815.45,23818.0,23805.0,23805.65,0
2026-05-15 10:39:00,NIFTY,23806.05,23808.0,23802.85,23805.75,0
2026-05-15 10:40:00,NIFTY,23806.1,23808.8,23800.95,23804.2,0
2026-05-15 10:41:00,NIFTY,23804.55,23818.9,23804.55,23816.7,0
2026-05-15 10:42:00,NIFTY,23817.0,23821.1,23816.55,23820.45,0
2026-05-15 10:43:00,NIFTY,23820.0,23823.2,23814.2,23814.2,0
2026-05-15 10:44:00,NIFTY,23814.0,23817.5,23811.95,23817.05,0
2026-05-15 10:45:00,NIFTY,23816.9,23829.75,23816.9,23828.9,0
2026-05-15 10:46:00,NIFTY,23828.95,23832.05,23827.0,23827.0,0
2026-05-15 10:47:00,NIFTY,23827.4,23829.85,23820.65,23823.85,0
2026-05-15 10:48:00,NIFTY,23823.9,23828.4,23821.2,23828.0,0
2026-05-15 10:49:00,NIFTY,23827.4,23829.9,23824.3,23827.0,0
2026-05-15 10:50:00,NIFTY,23827.4,23832.75,23827.2,23830.55,0
2026-05-15 10:51:00,NIFTY,23830.45,23839.3,23830.45,23835.9,0
2026-05-15 10:52:00,NIFTY,23835.9,23838.25,23831.6,23833.45,0
2026-05-15 10:53:00,NIFTY,23832.8,23833.3,23822.05,23824.8,0
2026-05-15 10:54:00,NIFTY,23825.55,23834.8,23825.55,23830.45,0
2026-05-15 10:55:00,NIFTY,23830.5,23834.85,23829.35,23829.7,0
2026-05-15 10:56:00,NIFTY,23829.9,23830.25,23820.25,23825.35,0
2026-05-15 10:57:00,NIFTY,23824.7,23830.8,23824.7,23827.1,0
2026-05-15 10:58:00,NIFTY,23827.4,23829.5,23825.65,23826.3,0
2026-05-15 10:59:00,NIFTY,23826.6,23833.5,23826.6,23829.55,0
2026-05-15 11:00:00,NIFTY,23829.25,23830.75,23825.15,23825.25,0
2026-05-15 11:01:00,NIFTY,23825.0,23826.0,23814.35,23815.25,0
2026-05-15 11:02:00,NIFTY,23814.55,23815.5,23799.95,23800.65,0
2026-05-15 11:03:00,NIFTY,23800.7,23800.7,23792.3,23796.3,0
2026-05-15 11:04:00,NIFTY,23796.2,23798.8,23780.75,23782.35,0
2026-05-15 11:05:00,NIFTY,23782.0,23784.45,23768.95,23768.95,0
2026-05-15 11:06:00,NIFTY,23768.45,23769.25,23755.05,23756.5,0
2026-05-15 11:07:00,NIFTY,23756.9,23758.9,23749.85,23750.6,0
2026-05-15 11:08:00,NIFTY,23750.55,23752.95,23741.8,23746.15,0
2026-05-15 11:09:00,NIFTY,23746.45,23751.5,23742.2,23742.8,0
2026-05-15 11:10:00,NIFTY,23743.05,23744.15,23732.25,23741.9,0
2026-05-15 11:11:00,NIFTY,23741.9,23757.2,23741.75,23752.85,0
2026-05-15 11:12:00,NIFTY,23751.5,23754.0,23745.45,23751.7,0
2026-05-15 11:13:00,NIFTY,23751.65,23755.4,23745.1,23745.55,0
2026-05-15 11:14:00,NIFTY,23745.5,23748.45,23741.65,23743.55,0
2026-05-15 11:15:00,NIFTY,23743.55,23743.55,23733.3,23734.2,0
2026-05-15 11:16:00,NIFTY,23734.35,23743.75,23734.35,23737.95,0
2026-05-15 11:17:00,NIFTY,23738.2,23738.3,23713.55,23721.05,0
2026-05-15 11:18:00,NIFTY,23720.5,23739.8,23720.0,23739.6,0
2026-05-15 11:19:00,NIFTY,23739.8,23751.7,23739.8,23742.65,0
2026-05-15 11:20:00,NIFTY,23742.75,23744.5,23734.35,23742.35,0
2026-05-15 11:21:00,NIFTY,23743.05,23747.65,23739.15,23742.4,0
2026-05-15 11:22:00,NIFTY,23742.65,23745.1,23725.3,23727.25,0
2026-05-15 11:23:00,NIFTY,23727.5,23738.8,23727.5,23736.0,0
2026-05-15 11:24:00,NIFTY,23736.2,23737.2,23725.25,23726.35,0
2026-05-15 11:25:00,NIFTY,23727.35,23732.1,23726.95,23730.1,0
2026-05-15 11:26:00,NIFTY,23729.95,23732.85,23726.55,23727.7,0
2026-05-15 11:27:00,NIFTY,23727.4,23727.95,23718.5,23720.3,0
2026-05-15 11:28:00,NIFTY,23720.2,23723.6,23714.8,23721.75,0
2026-05-15 11:29:00,NIFTY,23722.2,23723.8,23712.4,23712.7,0
2026-05-15 11:30:00,NIFTY,23711.4,23711.6,23698.25,23701.25,0
2026-05-15 11:31:00,NIFTY,23700.7,23704.3,23677.65,23697.85,0
2026-05-15 11:32:00,NIFTY,23697.45,23703.55,23696.15,23698.85,0
2026-05-15 11:33:00,NIFTY,23698.8,23717.6,23698.3,23715.95,0
2026-05-15 11:34:00,NIFTY,23716.85,23720.1,23713.3,23716.85,0
2026-05-15 11:35:00,NIFTY,23717.6,23721.65,23712.25,23716.75,0
2026-05-15 11:36:00,NIFTY,23716.1,23716.2,23704.95,23706.55,0
2026-05-15 11:37:00,NIFTY,23706.5,23719.45,23705.55,23716.95,0
2026-05-15 11:38:00,NIFTY,23717.05,23723.7,23715.9,23722.6,0
2026-05-15 11:39:00,NIFTY,23722.6,23728.3,23721.45,23727.0,0
2026-05-15 11:40:00,NIFTY,23727.25,23730.45,23723.55,23726.35,0
2026-05-15 11:41:00,NIFTY,23726.05,23727.15,23716.95,23717.65,0
2026-05-15 11:42:00,NIFTY,23717.5,23720.4,23712.55,23714.4,0
2026-05-15 11:43:00,NIFTY,23714.4,23717.45,23711.8,23715.8,0
2026-05-15 11:44:00,NIFTY,23716.05,23722.9,23714.7,23721.75,0
2026-05-15 11:45:00,NIFTY,23721.55,23727.1,23717.2,23718.4,0
2026-05-15 11:46:00,NIFTY,23718.8,23727.9,23718.25,23722.85,0
2026-05-15 11:47:00,NIFTY,23722.6,23725.65,23720.8,23722.9,0
2026-05-15 11:48:00,NIFTY,23723.05,23732.55,23723.05,23727.8,0
2026-05-15 11:49:00,NIFTY,23726.85,23734.45,23725.65,23726.2,0
2026-05-15 11:50:00,NIFTY,23725.75,23727.2,23720.15,23722.1,0
2026-05-15 11:51:00,NIFTY,23722.9,23734.2,23721.15,23733.7,0
2026-05-15 11:52:00,NIFTY,23734.65,23735.0,23728.95,23730.85,0
2026-05-15 11:53:00,NIFTY,23731.0,23734.25,23730.05,23733.65,0
2026-05-15 11:54:00,NIFTY,23733.75,23735.3,23718.8,23720.95,0
2026-05-15 11:55:00,NIFTY,23720.9,23722.45,23713.4,23715.8,0
2026-05-15 11:56:00,NIFTY,23715.7,23720.1,23713.95,23718.35,0
2026-05-15 11:57:00,NIFTY,23718.05,23720.4,23715.8,23717.4,0
2026-05-15 11:58:00,NIFTY,23717.65,23724.55,23716.25,23719.9,0
2026-05-15 11:59:00,NIFTY,23720.5,23727.4,23718.45,23725.55,0
2026-05-15 12:00:00,NIFTY,23725.9,23728.8,23718.75,23728.8,0
2026-05-15 12:01:00,NIFTY,23727.85,23735.95,23727.85,23733.65,0
2026-05-15 12:02:00,NIFTY,23733.05,23747.0,23733.05,23746.75,0
2026-05-15 12:03:00,NIFTY,23746.8,23750.5,23745.6,23747.65,0
2026-05-15 12:04:00,NIFTY,23747.7,23755.85,23747.7,23754.05,0
2026-05-15 12:05:00,NIFTY,23754.15,23759.35,23753.8,23757.5,0
2026-05-15 12:06:00,NIFTY,23757.75,23767.1,23757.5,23765.25,0
2026-05-15 12:07:00,NIFTY,23765.1,23767.75,23762.6,23766.95,0
2026-05-15 12:08:00,NIFTY,23767.05,23769.6,23759.5,23760.35,0
2026-05-15 12:09:00,NIFTY,23760.05,23762.05,23752.25,23755.25,0
2026-05-15 12:10:00,NIFTY,23755.25,23759.85,23751.1,23758.5,0
2026-05-15 12:11:00,NIFTY,23758.45,23763.4,23758.45,23762.75,0
2026-05-15 12:12:00,NIFTY,23762.75,23765.6,23758.15,23758.35,0
2026-05-15 12:13:00,NIFTY,23758.8,23760.15,23750.5,23752.55,0
2026-05-15 12:14:00,NIFTY,23752.15,23754.35,23747.3,23751.15,0
2026-05-15 12:15:00,NIFTY,23751.0,23754.05,23747.8,23752.5,0
2026-05-15 12:16:00,NIFTY,23752.85,23755.3,23746.55,23747.4,0
2026-05-15 12:17:00,NIFTY,23747.4,23749.5,23742.1,23745.95,0
2026-05-15 12:18:00,NIFTY,23745.9,23748.0,23735.5,23737.65,0
2026-05-15 12:19:00,NIFTY,23736.8,23743.8,23731.15,23740.05,0
2026-05-15 12:20:00,NIFTY,23740.25,23741.7,23731.1,23731.1,0
2026-05-15 12:21:00,NIFTY,23731.5,23734.55,23727.85,23728.2,0
2026-05-15 12:22:00,NIFTY,23728.4,23731.9,23720.7,23722.05,0
2026-05-15 12:23:00,NIFTY,23721.45,23731.25,23721.45,23728.9,0
2026-05-15 12:24:00,NIFTY,23729.4,23731.8,23724.95,23725.5,0
2026-05-15 12:25:00,NIFTY,23725.45,23730.6,23724.65,23728.05,0
2026-05-15 12:26:00,NIFTY,23727.95,23740.8,23727.15,23740.1,0
2026-05-15 12:27:00,NIFTY,23741.0,23743.2,23736.1,23736.8,0
2026-05-15 12:28:00,NIFTY,23736.35,23738.25,23723.75,23725.6,0
2026-05-15 12:29:00,NIFTY,23725.3,23726.35,23718.7,23720.5,0
2026-05-15 12:30:00,NIFTY,23720.7,23722.3,23718.35,23719.6,0
2026-05-15 12:31:00,NIFTY,23719.6,23721.55,23715.55,23718.75,0
2026-05-15 12:32:00,NIFTY,23718.65,23725.7,23718.65,23725.5,0
2026-05-15 12:33:00,NIFTY,23725.7,23735.05,23725.7,23733.2,0
2026-05-15 12:34:00,NIFTY,23733.6,23736.45,23728.45,23736.35,0
2026-05-15 12:35:00,NIFTY,23736.45,23742.9,23734.1,23742.25,0
2026-05-15 12:36:00,NIFTY,23742.3,23746.15,23740.1,23741.6,0
2026-05-15 12:37:00,NIFTY,23741.45,23745.7,23740.15,23744.75,0
2026-05-15 12:38:00,NIFTY,23744.45,23744.95,23738.55,23743.7,0
2026-05-15 12:39:00,NIFTY,23743.9,23747.8,23740.55,23744.3,0
2026-05-15 12:40:00,NIFTY,23743.8,23756.65,23743.8,23755.8,0
2026-05-15 12:41:00,NIFTY,23755.4,23759.95,23752.95,23757.0,0
2026-05-15 12:42:00,NIFTY,23756.8,23758.95,23752.65,23755.9,0
2026-05-15 12:43:00,NIFTY,23755.5,23761.95,23755.5,23761.55,0
2026-05-15 12:44:00,NIFTY,23760.8,23769.7,23760.8,23767.5,0
2026-05-15 12:45:00,NIFTY,23768.65,23777.85,23766.05,23766.5,0
2026-05-15 12:46:00,NIFTY,23766.9,23772.0,23766.9,23769.05,0
2026-05-15 12:47:00,NIFTY,23769.0,23777.5,23769.0,23775.3,0
2026-05-15 12:48:00,NIFTY,23775.55,23784.85,23774.15,23784.85,0
2026-05-15 12:49:00,NIFTY,23784.8,23786.95,23779.9,23783.6,0
2026-05-15 12:50:00,NIFTY,23783.85,23794.1,23783.1,23793.4,0
2026-05-15 12:51:00,NIFTY,23792.6,23797.5,23789.25,23789.8,0
2026-05-15 12:52:00,NIFTY,23790.2,23791.5,23780.2,23780.75,0
2026-05-15 12:53:00,NIFTY,23781.1,23788.65,23781.1,23785.8,0
2026-05-15 12:54:00,NIFTY,23785.85,23787.8,23777.6,23782.35,0
2026-05-15 12:55:00,NIFTY,23782.3,23790.05,23782.3,23787.3,0
2026-05-15 12:56:00,NIFTY,23787.1,23789.1,23778.05,23778.8,0
2026-05-15 12:57:00,NIFTY,23778.55,23783.9,23778.25,23781.95,0
2026-05-15 12:58:00,NIFTY,23781.75,23783.5,23774.65,23777.0,0
2026-05-15 12:59:00,NIFTY,23777.15,23784.75,23777.15,23784.65,0
2026-05-15 13:00:00,NIFTY,23784.6,23787.35,23777.3,23777.8,0
2026-05-15 13:01:00,NIFTY,23777.8,23782.9,23776.6,23777.85,0
2026-05-15 13:02:00,NIFTY,23777.9,23781.3,23776.55,23779.9,0
2026-05-15 13:03:00,NIFTY,23779.9,23784.1,23774.75,23775.7,0
2026-05-15 13:04:00,NIFTY,23776.0,23777.05,23773.15,23775.45,0
2026-05-15 13:05:00,NIFTY,23775.65,23783.25,23775.65,23780.9,0
2026-05-15 13:06:00,NIFTY,23781.25,23784.4,23779.15,23780.35,0
2026-05-15 13:07:00,NIFTY,23780.15,23781.7,23776.55,23777.0,0
2026-05-15 13:08:00,NIFTY,23776.45,23779.45,23766.65,23776.1,0
2026-05-15 13:09:00,NIFTY,23775.45,23776.55,23770.85,23775.4,0
2026-05-15 13:10:00,NIFTY,23775.15,23781.05,23775.1,23780.6,0
2026-05-15 13:11:00,NIFTY,23780.75,23786.2,23776.75,23780.5,0
2026-05-15 13:12:00,NIFTY,23780.4,23781.1,23775.65,23776.55,0
2026-05-15 13:13:00,NIFTY,23776.5,23784.6,23775.25,23784.3,0
2026-05-15 13:14:00,NIFTY,23784.2,23786.05,23775.35,23780.65,0
2026-05-15 13:15:00,NIFTY,23780.95,23781.2,23774.95,23775.35,0
2026-05-15 13:16:00,NIFTY,23774.9,23778.65,23772.15,23773.7,0
2026-05-15 13:17:00,NIFTY,23773.55,23775.85,23771.6,23772.85,0
2026-05-15 13:18:00,NIFTY,23772.4,23776.3,23770.45,23773.0,0
2026-05-15 13:19:00,NIFTY,23773.35,23785.85,23773.35,23785.85,0
2026-05-15 13:20:00,NIFTY,23785.9,23787.8,23777.7,23778.25,0
2026-05-15 13:21:00,NIFTY,23779.45,23781.8,23774.05,23777.2,0
2026-05-15 13:22:00,NIFTY,23777.2,23782.85,23775.4,23778.1,0
2026-05-15 13:23:00,NIFTY,23777.9,23783.55,23777.9,23780.0,0
2026-05-15 13:24:00,NIFTY,23780.45,23783.25,23775.25,23776.05,0
2026-05-15 13:25:00,NIFTY,23777.0,23779.0,23773.0,23774.0,0
2026-05-15 13:26:00,NIFTY,23773.5,23774.55,23766.45,23766.45,0
2026-05-15 13:27:00,NIFTY,23766.6,23777.85,23765.7,23774.4,0
2026-05-15 13:28:00,NIFTY,23774.25,23785.2,23774.25,23776.25,0
2026-05-15 13:29:00,NIFTY,23775.95,23778.1,23771.85,23776.1,0
2026-05-15 13:30:00,NIFTY,23776.05,23779.6,23762.85,23762.85,0
2026-05-15 13:31:00,NIFTY,23762.9,23772.3,23761.85,23767.25,0
2026-05-15 13:32:00,NIFTY,23767.2,23769.0,23764.6,23765.35,0
2026-05-15 13:33:00,NIFTY,23765.75,23766.45,23758.5,23762.0,0
2026-05-15 13:34:00,NIFTY,23762.15,23768.95,23758.9,23761.55,0
2026-05-15 13:35:00,NIFTY,23761.7,23768.65,23755.2,23767.45,0
2026-05-15 13:36:00,NIFTY,23768.05,23770.8,23757.9,23758.15,0
2026-05-15 13:37:00,NIFTY,23758.3,23760.3,23747.7,23750.65,0
2026-05-15 13:38:00,NIFTY,23751.05,23753.2,23739.0,23739.7,0
2026-05-15 13:39:00,NIFTY,23739.7,23741.9,23737.0,23739.7,0
2026-05-15 13:40:00,NIFTY,23740.0,23742.65,23728.0,23732.95,0
2026-05-15 13:41:00,NIFTY,23732.9,23741.5,23731.7,23737.7,0
2026-05-15 13:42:00,NIFTY,23738.1,23739.55,23728.05,23735.65,0
2026-05-15 13:43:00,NIFTY,23735.3,23739.0,23733.95,23737.35,0
2026-05-15 13:44:00,NIFTY,23736.9,23739.6,23732.0,23739.2,0
2026-05-15 13:45:00,NIFTY,23738.8,23749.4,23738.8,23746.55,0
2026-05-15 13:46:00,NIFTY,23746.35,23750.65,23735.95,23736.75,0
2026-05-15 13:47:00,NIFTY,23737.05,23737.05,23714.4,23714.4,0
2026-05-15 13:48:00,NIFTY,23714.7,23715.85,23704.7,23705.6,0
2026-05-15 13:49:00,NIFTY,23705.8,23711.6,23702.3,23711.0,0
2026-05-15 13:50:00,NIFTY,23711.5,23711.5,23701.75,23702.55,0
2026-05-15 13:51:00,NIFTY,23703.1,23707.55,23699.55,23707.0,0
2026-05-15 13:52:00,NIFTY,23707.0,23714.7,23706.2,23714.65,0
2026-05-15 13:53:00,NIFTY,23715.15,23733.85,23715.15,23730.55,0
2026-05-15 13:54:00,NIFTY,23729.75,23732.35,23727.9,23728.7,0
2026-05-15 13:55:00,NIFTY,23728.45,23734.75,23726.8,23727.8,0
2026-05-15 13:56:00,NIFTY,23727.35,23729.15,23719.9,23720.05,0
2026-05-15 13:57:00,NIFTY,23719.85,23720.65,23707.95,23709.7,0
2026-05-15 13:58:00,NIFTY,23709.45,23715.15,23705.25,23715.1,0
2026-05-15 13:59:00,NIFTY,23715.25,23718.15,23711.2,23713.55,0
2026-05-15 14:00:00,NIFTY,23712.95,23714.65,23706.1,23710.0,0
2026-05-15 14:01:00,NIFTY,23710.05,23714.5,23709.4,23711.8,0
2026-05-15 14:02:00,NIFTY,23711.7,23712.95,23708.1,23711.05,0
2026-05-15 14:03:00,NIFTY,23710.85,23712.0,23699.3,23701.4,0
2026-05-15 14:04:00,NIFTY,23701.05,23703.45,23694.45,23694.95,0
2026-05-15 14:05:00,NIFTY,23694.4,23704.25,23693.7,23699.8,0
2026-05-15 14:06:00,NIFTY,23700.15,23706.75,23695.95,23704.15,0
2026-05-15 14:07:00,NIFTY,23704.3,23706.6,23700.3,23703.55,0
2026-05-15 14:08:00,NIFTY,23703.75,23709.7,23703.75,23708.85,0
2026-05-15 14:09:00,NIFTY,23707.9,23715.0,23702.9,23713.8,0
2026-05-15 14:10:00,NIFTY,23713.55,23716.35,23712.2,23715.95,0
2026-05-15 14:11:00,NIFTY,23716.85,23722.2,23714.7,23715.5,0
2026-05-15 14:12:00,NIFTY,23716.3,23717.45,23704.45,23711.25,0
2026-05-15 14:13:00,NIFTY,23711.25,23720.65,23711.25,23718.35,0
2026-05-15 14:14:00,NIFTY,23718.75,23722.35,23715.35,23722.35,0
2026-05-15 14:15:00,NIFTY,23722.3,23726.65,23720.4,23722.7,0
2026-05-15 14:16:00,NIFTY,23722.15,23723.9,23709.35,23710.55,0
2026-05-15 14:17:00,NIFTY,23709.55,23713.7,23704.7,23710.7,0
2026-05-15 14:18:00,NIFTY,23711.1,23715.4,23709.95,23713.3,0
2026-05-15 14:19:00,NIFTY,23713.4,23718.15,23713.15,23718.1,0
2026-05-15 14:20:00,NIFTY,23717.2,23720.2,23712.25,23713.9,0
2026-05-15 14:21:00,NIFTY,23713.8,23715.9,23712.25,23713.15,0
2026-05-15 14:22:00,NIFTY,23712.95,23714.35,23704.8,23707.35,0
2026-05-15 14:23:00,NIFTY,23707.7,23708.75,23701.6,23702.8,0
2026-05-15 14:24:00,NIFTY,23702.1,23712.95,23702.1,23706.75,0
2026-05-15 14:25:00,NIFTY,23707.1,23708.5,23698.05,23700.8,0
2026-05-15 14:26:00,NIFTY,23700.3,23702.65,23693.55,23693.7,0
2026-05-15 14:27:00,NIFTY,23693.9,23697.5,23688.8,23692.0,0
2026-05-15 14:28:00,NIFTY,23692.15,23694.65,23689.6,23689.85,0
2026-05-15 14:29:00,NIFTY,23691.05,23695.7,23685.3,23695.7,0
2026-05-15 14:30:00,NIFTY,23696.95,23699.85,23692.6,23697.45,0
2026-05-15 14:31:00,NIFTY,23697.25,23699.35,23693.35,23693.8,0
2026-05-15 14:32:00,NIFTY,23693.4,23693.9,23680.2,23680.2,0
2026-05-15 14:33:00,NIFTY,23680.8,23682.7,23676.6,23679.8,0
2026-05-15 14:34:00,NIFTY,23680.15,23702.95,23680.15,23695.05,0
2026-05-15 14:35:00,NIFTY,23695.6,23700.5,23691.3,23692.0,0
2026-05-15 14:36:00,NIFTY,23692.05,23703.2,23688.85,23701.1,0
2026-05-15 14:37:00,NIFTY,23701.7,23701.7,23690.25,23693.9,0
2026-05-15 14:38:00,NIFTY,23693.8,23695.0,23690.0,23693.25,0
2026-05-15 14:39:00,NIFTY,23692.15,23694.45,23685.1,23692.55,0
2026-05-15 14:40:00,NIFTY,23693.1,23697.65,23690.3,23695.45,0
2026-05-15 14:41:00,NIFTY,23695.65,23705.3,23693.8,23702.7,0
2026-05-15 14:42:00,NIFTY,23702.4,23703.15,23693.6,23697.1,0
2026-05-15 14:43:00,NIFTY,23697.1,23699.7,23693.8,23695.9,0
2026-05-15 14:44:00,NIFTY,23695.85,23696.95,23689.65,23690.75,0
2026-05-15 14:45:00,NIFTY,23690.6,23692.25,23675.95,23676.05,0
2026-05-15 14:46:00,NIFTY,23676.3,23677.0,23661.6,23663.55,0
2026-05-15 14:47:00,NIFTY,23662.8,23664.75,23652.05,23655.9,0
2026-05-15 14:48:00,NIFTY,23657.1,23658.75,23643.75,23647.2,0
2026-05-15 14:49:00,NIFTY,23646.85,23648.4,23625.5,23625.95,0
2026-05-15 14:50:00,NIFTY,23626.05,23630.75,23610.3,23625.55,0
2026-05-15 14:51:00,NIFTY,23625.4,23633.3,23616.2,23628.7,0
2026-05-15 14:52:00,NIFTY,23628.6,23629.0,23618.05,23625.8,0
2026-05-15 14:53:00,NIFTY,23625.5,23632.3,23619.45,23620.45,0
2026-05-15 14:54:00,NIFTY,23620.65,23622.05,23611.0,23618.7,0
2026-05-15 14:55:00,NIFTY,23618.8,23622.9,23611.5,23619.45,0
2026-05-15 14:56:00,NIFTY,23620.25,23620.8,23612.9,23614.8,0
2026-05-15 14:57:00,NIFTY,23614.1,23621.6,23614.1,23618.4,0
2026-05-15 14:58:00,NIFTY,23617.4,23627.85,23612.85,23627.65,0
2026-05-15 14:59:00,NIFTY,23627.4,23658.15,23627.4,23646.1,0
2026-05-15 15:00:00,NIFTY,23643.85,23646.15,23633.8,23641.0,0
2026-05-15 15:01:00,NIFTY,23640.45,23654.85,23640.45,23645.9,0
2026-05-15 15:02:00,NIFTY,23645.8,23667.3,23645.45,23664.95,0
2026-05-15 15:03:00,NIFTY,23664.0,23672.85,23664.0,23666.75,0
2026-05-15 15:04:00,NIFTY,23667.05,23674.75,23662.4,23674.2,0
2026-05-15 15:05:00,NIFTY,23675.25,23678.35,23667.45,23669.35,0
2026-05-15 15:06:00,NIFTY,23669.3,23672.15,23661.55,23663.95,0
2026-05-15 15:07:00,NIFTY,23663.95,23667.2,23652.95,23653.5,0
2026-05-15 15:08:00,NIFTY,23652.9,23655.6,23646.15,23649.9,0
2026-05-15 15:09:00,NIFTY,23650.35,23652.05,23644.0,23647.85,0
2026-05-15 15:10:00,NIFTY,23647.2,23653.2,23646.55,23650.85,0
2026-05-15 15:11:00,NIFTY,23649.65,23650.15,23643.1,23644.55,0
2026-05-15 15:12:00,NIFTY,23643.95,23649.05,23640.1,23645.75,0
2026-05-15 15:13:00,NIFTY,23644.95,23648.9,23642.05,23642.8,0
2026-05-15 15:14:00,NIFTY,23642.9,23646.05,23640.35,23644.1,0
2026-05-15 15:15:00,NIFTY,23643.6,23645.85,23619.25,23619.75,0
2026-05-15 15:16:00,NIFTY,23620.7,23627.15,23616.5,23624.05,0
2026-05-15 15:17:00,NIFTY,23625.45,23629.05,23622.15,23626.5,0
2026-05-15 15:18:00,NIFTY,23628.75,23636.85,23626.7,23635.0,0
2026-05-15 15:19:00,NIFTY,23635.0,23640.3,23632.0,23637.15,0
2026-05-15 15:20:00,NIFTY,23638.65,23645.65,23637.5,23644.25,0
2026-05-15 15:21:00,NIFTY,23644.95,23646.85,23635.8,23636.85,0
2026-05-15 15:22:00,NIFTY,23637.15,23638.4,23626.0,23635.0,0
2026-05-15 15:23:00,NIFTY,23635.15,23636.15,23630.4,23632.25,0
2026-05-15 15:24:00,NIFTY,23632.9,23636.45,23629.4,23632.85,0
2026-05-15 15:25:00,NIFTY,23633.45,23636.5,23625.3,23627.95,0
2026-05-15 15:26:00,NIFTY,23630.0,23646.15,23628.75,23644.15,0
2026-05-15 15:27:00,NIFTY,23643.05,23649.0,23642.6,23646.6,0
2026-05-15 15:28:00,NIFTY,23645.65,23656.05,23642.45,23650.5,0
2026-05-15 15:29:00,NIFTY,23650.1,23660.75,23645.8,23659.35,0
2026-05-18 09:15:00,NIFTY,23482.2,23494.6,23400.95,23400.95,0
2026-05-18 09:16:00,NIFTY,23403.0,23407.25,23375.6,23391.35,0
2026-05-18 09:17:00,NIFTY,23391.2,23391.2,23371.8,23384.7,0
2026-05-18 09:18:00,NIFTY,23383.85,23400.9,23383.25,23397.95,0
2026-05-18 09:19:00,NIFTY,23398.55,23408.85,23389.75,23400.5,0
2026-05-18 09:20:00,NIFTY,23399.5,23405.6,23383.35,23396.5,0
2026-05-18 09:21:00,NIFTY,23396.85,23412.5,23393.35,23401.65,0
2026-05-18 09:22:00,NIFTY,23400.95,23406.8,23387.0,23388.15,0
2026-05-18 09:23:00,NIFTY,23389.15,23413.35,23387.9,23408.5,0
2026-05-18 09:24:00,NIFTY,23408.8,23411.05,23399.65,23401.5,0
2026-05-18 09:25:00,NIFTY,23402.4,23405.45,23396.1,23399.8,0
2026-05-18 09:26:00,NIFTY,23400.65,23401.95,23382.7,23390.95,0
2026-05-18 09:27:00,NIFTY,23391.35,23398.15,23385.65,23388.05,0
2026-05-18 09:28:00,NIFTY,23388.9,23389.0,23375.45,23375.9,0
2026-05-18 09:29:00,NIFTY,23376.0,23378.0,23363.05,23373.1,0
2026-05-18 09:30:00,NIFTY,23373.15,23382.7,23370.3,23376.4,0
2026-05-18 09:31:00,NIFTY,23375.95,23378.6,23361.6,23363.4,0
2026-05-18 09:32:00,NIFTY,23362.85,23378.15,23359.65,23377.45,0
2026-05-18 09:33:00,NIFTY,23377.45,23394.95,23376.1,23385.45,0
2026-05-18 09:34:00,NIFTY,23384.95,23390.5,23376.6,23388.2,0
2026-05-18 09:35:00,NIFTY,23387.9,23394.8,23377.55,23378.95,0
2026-05-18 09:36:00,NIFTY,23378.4,23388.8,23367.55,23387.2,0
2026-05-18 09:37:00,NIFTY,23387.15,23388.1,23367.35,23367.35,0
2026-05-18 09:38:00,NIFTY,23368.45,23369.55,23355.4,23356.55,0
2026-05-18 09:39:00,NIFTY,23356.1,23359.25,23347.35,23358.4,0
2026-05-18 09:40:00,NIFTY,23358.5,23365.55,23356.65,23363.75,0
2026-05-18 09:41:00,NIFTY,23363.85,23365.05,23353.65,23353.8,0
2026-05-18 09:42:00,NIFTY,23353.35,23376.6,23349.7,23374.3,0
2026-05-18 09:43:00,NIFTY,23373.5,23380.3,23369.65,23377.8,0
2026-05-18 09:44:00,NIFTY,23378.65,23383.5,23369.3,23371.05,0
2026-05-18 09:45:00,NIFTY,23370.75,23371.6,23358.2,23367.4,0
2026-05-18 09:46:00,NIFTY,23367.15,23372.2,23364.05,23365.9,0
2026-05-18 09:47:00,NIFTY,23365.75,23367.35,23354.35,23356.55,0
2026-05-18 09:48:00,NIFTY,23356.2,23356.2,23343.05,23347.5,0
2026-05-18 09:49:00,NIFTY,23348.05,23349.9,23341.25,23342.4,0
2026-05-18 09:50:00,NIFTY,23342.6,23345.1,23331.8,23334.05,0
2026-05-18 09:51:00,NIFTY,23333.9,23342.45,23330.2,23339.45,0
2026-05-18 09:52:00,NIFTY,23339.3,23342.9,23333.5,23333.5,0
2026-05-18 09:53:00,NIFTY,23332.75,23333.55,23324.55,23324.55,0
2026-05-18 09:54:00,NIFTY,23324.8,23327.1,23322.3,23325.05,0
2026-05-18 09:55:00,NIFTY,23325.35,23331.35,23318.85,23331.35,0
2026-05-18 09:56:00,NIFTY,23330.75,23334.7,23327.6,23328.4,0
2026-05-18 09:57:00,NIFTY,23328.35,23329.45,23317.1,23319.35,0
2026-05-18 09:58:00,NIFTY,23319.9,23326.45,23318.1,23322.5,0
2026-05-18 09:59:00,NIFTY,23322.95,23342.05,23322.8,23341.15,0
2026-05-18 10:00:00,NIFTY,23340.8,23349.3,23339.5,23343.75,0
2026-05-18 10:01:00,NIFTY,23343.8,23349.05,23341.15,23346.8,0
2026-05-18 10:02:00,NIFTY,23347.9,23360.0,23342.0,23360.0,0
2026-05-18 10:03:00,NIFTY,23360.35,23364.05,23356.75,23357.6,0
2026-05-18 10:04:00,NIFTY,23357.25,23362.75,23355.05,23361.05,0
2026-05-18 10:05:00,NIFTY,23361.1,23366.5,23356.4,23361.4,0
2026-05-18 10:06:00,NIFTY,23361.65,23362.55,23356.55,23360.0,0
2026-05-18 10:07:00,NIFTY,23359.8,23360.45,23344.05,23344.1,0
2026-05-18 10:08:00,NIFTY,23344.05,23349.05,23340.3,23348.85,0
2026-05-18 10:09:00,NIFTY,23348.2,23357.1,23346.85,23350.9,0
2026-05-18 10:10:00,NIFTY,23350.75,23359.9,23348.7,23356.15,0
2026-05-18 10:11:00,NIFTY,23356.15,23362.55,23350.3,23358.65,0
2026-05-18 10:12:00,NIFTY,23357.8,23366.4,23352.2,23352.85,0
2026-05-18 10:13:00,NIFTY,23352.45,23361.9,23349.65,23360.0,0
2026-05-18 10:14:00,NIFTY,23360.1,23362.9,23357.9,23362.4,0
2026-05-18 10:15:00,NIFTY,23362.3,23363.75,23353.9,23357.25,0
2026-05-18 10:16:00,NIFTY,23357.2,23376.0,23356.85,23375.45,0
2026-05-18 10:17:00,NIFTY,23375.15,23383.9,23375.15,23382.85,0
2026-05-18 10:18:00,NIFTY,23382.65,23386.55,23379.8,23385.9,0
2026-05-18 10:19:00,NIFTY,23385.7,23389.45,23384.0,23384.9,0
2026-05-18 10:20:00,NIFTY,23385.0,23389.05,23382.65,23383.3,0
2026-05-18 10:21:00,NIFTY,23383.2,23388.1,23382.35,23385.1,0
2026-05-18 10:22:00,NIFTY,23384.1,23384.6,23375.15,23376.4,0
2026-05-18 10:23:00,NIFTY,23375.85,23384.4,23373.5,23384.2,0
2026-05-18 10:24:00,NIFTY,23383.85,23385.3,23378.7,23381.9,0
2026-05-18 10:25:00,NIFTY,23382.2,23385.95,23380.95,23383.8,0
2026-05-18 10:26:00,NIFTY,23383.95,23385.2,23379.4,23383.95,0
2026-05-18 10:27:00,NIFTY,23384.55,23385.75,23380.25,23382.45,0
2026-05-18 10:28:00,NIFTY,23382.15,23382.15,23375.5,23379.55,0
2026-05-18 10:29:00,NIFTY,23379.8,23385.05,23379.8,23379.85,0
2026-05-18 10:30:00,NIFTY,23379.75,23382.65,23371.5,23372.65,0
2026-05-18 10:31:00,NIFTY,23372.6,23372.6,23358.7,23358.9,0
2026-05-18 10:32:00,NIFTY,23359.0,23362.45,23355.55,23360.1,0
2026-05-18 10:33:00,NIFTY,23360.25,23376.35,23355.55,23376.1,0
2026-05-18 10:34:00,NIFTY,23376.05,23414.4,23375.95,23413.65,0
2026-05-18 10:35:00,NIFTY,23414.05,23422.5,23412.55,23417.9,0
2026-05-18 10:36:00,NIFTY,23418.0,23432.1,23415.7,23431.65,0
2026-05-18 10:37:00,NIFTY,23431.55,23438.3,23428.15,23438.3,0
2026-05-18 10:38:00,NIFTY,23438.0,23439.7,23431.35,23431.4,0
2026-05-18 10:39:00,NIFTY,23432.25,23433.2,23424.6,23429.0,0
2026-05-18 10:40:00,NIFTY,23429.0,23431.85,23421.3,23429.35,0
2026-05-18 10:41:00,NIFTY,23430.3,23433.5,23426.2,23427.55,0
2026-05-18 10:42:00,NIFTY,23427.25,23427.8,23421.85,23426.1,0
2026-05-18 10:43:00,NIFTY,23426.25,23427.7,23406.8,23407.25,0
2026-05-18 10:44:00,NIFTY,23405.85,23417.9,23403.95,23417.2,0
2026-05-18 10:45:00,NIFTY,23417.8,23418.1,23411.95,23413.95,0
2026-05-18 10:46:00,NIFTY,23413.9,23414.9,23404.3,23405.45,0
2026-05-18 10:47:00,NIFTY,23405.45,23407.1,23395.15,23395.25,0
2026-05-18 10:48:00,NIFTY,23394.75,23406.95,23389.6,23406.05,0
2026-05-18 10:49:00,NIFTY,23406.2,23417.6,23404.95,23408.65,0
2026-05-18 10:50:00,NIFTY,23408.15,23418.7,23408.15,23418.7,0
2026-05-18 10:51:00,NIFTY,23418.95,23430.9,23418.55,23425.8,0
2026-05-18 10:52:00,NIFTY,23425.6,23441.4,23423.65,23440.85,0
2026-05-18 10:53:00,NIFTY,23441.15,23442.45,23434.5,23436.65,0
2026-05-18 10:54:00,NIFTY,23436.25,23445.3,23433.75,23443.7,0
2026-05-18 10:55:00,NIFTY,23443.55,23451.7,23442.7,23450.8,0
2026-05-18 10:56:00,NIFTY,23451.0,23460.65,23450.05,23458.3,0
2026-05-18 10:57:00,NIFTY,23457.65,23460.55,23453.05,23453.05,0
2026-05-18 10:58:00,NIFTY,23452.85,23461.65,23450.8,23460.1,0
2026-05-18 10:59:00,NIFTY,23460.05,23465.95,23459.0,23465.1,0
2026-05-18 11:00:00,NIFTY,23464.9,23469.35,23461.85,23461.85,0
2026-05-18 11:01:00,NIFTY,23461.85,23462.35,23452.6,23458.9,0
2026-05-18 11:02:00,NIFTY,23458.75,23471.45,23458.75,23461.45,0
2026-05-18 11:03:00,NIFTY,23461.15,23462.85,23457.8,23461.7,0
2026-05-18 11:04:00,NIFTY,23461.5,23463.05,23454.9,23455.25,0
2026-05-18 11:05:00,NIFTY,23455.15,23464.9,23454.75,23462.95,0
2026-05-18 11:06:00,NIFTY,23463.2,23474.05,23463.2,23467.7,0
2026-05-18 11:07:00,NIFTY,23468.3,23474.75,23459.4,23459.5,0
2026-05-18 11:08:00,NIFTY,23459.05,23468.4,23456.1,23466.0,0
2026-05-18 11:09:00,NIFTY,23467.05,23477.75,23466.55,23476.4,0
2026-05-18 11:10:00,NIFTY,23477.1,23477.75,23471.75,23474.0,0
2026-05-18 11:11:00,NIFTY,23474.2,23475.8,23465.2,23465.6,0
2026-05-18 11:12:00,NIFTY,23465.9,23467.0,23460.6,23461.2,0
2026-05-18 11:13:00,NIFTY,23460.95,23475.0,23460.9,23474.2,0
2026-05-18 11:14:00,NIFTY,23474.55,23474.55,23466.0,23470.1,0
2026-05-18 11:15:00,NIFTY,23470.2,23476.25,23465.85,23475.9,0
2026-05-18 11:16:00,NIFTY,23474.9,23486.3,23474.85,23483.3,0
2026-05-18 11:17:00,NIFTY,23483.5,23491.95,23481.9,23484.6,0
2026-05-18 11:18:00,NIFTY,23483.9,23491.75,23481.05,23484.85,0
2026-05-18 11:19:00,NIFTY,23483.85,23495.15,23482.45,23494.05,0
2026-05-18 11:20:00,NIFTY,23494.3,23495.95,23483.3,23486.0,0
2026-05-18 11:21:00,NIFTY,23485.9,23486.2,23476.05,23478.7,0
2026-05-18 11:22:00,NIFTY,23478.4,23503.65,23478.4,23503.65,0
2026-05-18 11:23:00,NIFTY,23503.5,23507.3,23494.4,23495.2,0
2026-05-18 11:24:00,NIFTY,23494.5,23518.6,23494.1,23516.2,0
2026-05-18 11:25:00,NIFTY,23516.4,23519.9,23506.05,23510.2,0
2026-05-18 11:26:00,NIFTY,23509.9,23510.65,23498.15,23498.3,0
2026-05-18 11:27:00,NIFTY,23498.3,23505.4,23494.2,23501.3,0
2026-05-18 11:28:00,NIFTY,23501.1,23503.9,23498.35,23499.8,0
2026-05-18 11:29:00,NIFTY,23499.85,23502.1,23494.3,23495.8,0
2026-05-18 11:30:00,NIFTY,23495.8,23505.1,23494.4,23505.0,0
2026-05-18 11:31:00,NIFTY,23505.0,23514.5,23503.1,23514.15,0
2026-05-18 11:32:00,NIFTY,23514.2,23531.35,23514.2,23529.0,0
2026-05-18 11:33:00,NIFTY,23528.9,23530.8,23524.6,23530.45,0
2026-05-18 11:34:00,NIFTY,23530.15,23532.8,23525.55,23528.55,0
2026-05-18 11:35:00,NIFTY,23529.25,23531.25,23524.55,23529.65,0
2026-05-18 11:36:00,NIFTY,23529.8,23534.35,23525.95,23533.35,0
2026-05-18 11:37:00,NIFTY,23534.1,23538.6,23531.1,23537.65,0
2026-05-18 11:38:00,NIFTY,23537.85,23549.75,23535.5,23547.9,0
2026-05-18 11:39:00,NIFTY,23548.0,23562.75,23547.55,23560.65,0
2026-05-18 11:40:00,NIFTY,23560.7,23561.1,23542.25,23543.05,0
2026-05-18 11:41:00,NIFTY,23543.25,23544.6,23532.85,23532.85,0
2026-05-18 11:42:00,NIFTY,23533.45,23535.0,23528.15,23533.6,0
2026-05-18 11:43:00,NIFTY,23533.95,23542.05,23532.15,23532.2,0
2026-05-18 11:44:00,NIFTY,23532.3,23534.6,23525.15,23534.25,0
2026-05-18 11:45:00,NIFTY,23534.55,23537.9,23533.4,23536.5,0
2026-05-18 11:46:00,NIFTY,23537.3,23538.25,23527.55,23527.6,0
2026-05-18 11:47:00,NIFTY,23528.1,23529.2,23513.65,23514.0,0
2026-05-18 11:48:00,NIFTY,23513.35,23515.45,23502.8,23504.65,0
2026-05-18 11:49:00,NIFTY,23504.9,23513.5,23504.4,23512.7,0
2026-05-18 11:50:00,NIFTY,23512.55,23512.9,23505.85,23506.25,0
2026-05-18 11:51:00,NIFTY,23505.9,23509.75,23501.9,23504.35,0
2026-05-18 11:52:00,NIFTY,23504.25,23511.35,23504.25,23507.55,0
2026-05-18 11:53:00,NIFTY,23507.6,23510.6,23504.5,23504.7,0
2026-05-18 11:54:00,NIFTY,23504.9,23506.25,23499.3,23499.7,0
2026-05-18 11:55:00,NIFTY,23500.1,23509.65,23497.5,23498.15,0
2026-05-18 11:56:00,NIFTY,23498.0,23499.35,23492.45,23498.6,0
2026-05-18 11:57:00,NIFTY,23498.65,23502.3,23496.75,23497.15,0
2026-05-18 11:58:00,NIFTY,23497.05,23499.45,23485.9,23486.1,0
2026-05-18 11:59:00,NIFTY,23486.1,23486.45,23473.7,23474.7,0
2026-05-18 12:00:00,NIFTY,23474.75,23475.35,23468.35,23469.95,0
2026-05-18 12:01:00,NIFTY,23470.35,23479.9,23470.35,23479.8,0
2026-05-18 12:02:00,NIFTY,23479.85,23482.05,23472.85,23476.6,0
2026-05-18 12:03:00,NIFTY,23476.95,23478.4,23474.25,23478.25,0
2026-05-18 12:04:00,NIFTY,23478.2,23485.5,23477.9,23477.9,0
2026-05-18 12:05:00,NIFTY,23477.7,23487.2,23477.7,23483.4,0
2026-05-18 12:06:00,NIFTY,23483.3,23491.45,23483.15,23488.0,0
2026-05-18 12:07:00,NIFTY,23488.25,23488.6,23479.4,23486.4,0
2026-05-18 12:08:00,NIFTY,23485.95,23496.3,23485.95,23495.75,0
2026-05-18 12:09:00,NIFTY,23495.95,23500.15,23491.6,23492.5,0
2026-05-18 12:10:00,NIFTY,23492.45,23507.7,23492.0,23507.7,0
2026-05-18 12:11:00,NIFTY,23508.35,23515.8,23508.35,23512.8,0
2026-05-18 12:12:00,NIFTY,23514.05,23518.2,23508.95,23516.5,0
2026-05-18 12:13:00,NIFTY,23516.65,23522.75,23515.15,23515.9,0
2026-05-18 12:14:00,NIFTY,23515.5,23525.65,23512.65,23524.75,0
2026-05-18 12:15:00,NIFTY,23524.15,23534.45,23524.15,23529.35,0
2026-05-18 12:16:00,NIFTY,23529.75,23535.15,23529.0,23529.0,0
2026-05-18 12:17:00,NIFTY,23528.95,23529.5,23517.95,23521.65,0
2026-05-18 12:18:00,NIFTY,23521.5,23526.85,23521.1,23522.45,0
2026-05-18 12:19:00,NIFTY,23522.55,23523.5,23513.15,23520.7,0
2026-05-18 12:20:00,NIFTY,23521.2,23523.85,23518.7,23519.35,0
2026-05-18 12:21:00,NIFTY,23519.55,23525.25,23518.45,23521.55,0
2026-05-18 12:22:00,NIFTY,23521.55,23528.85,23520.9,23525.1,0
2026-05-18 12:23:00,NIFTY,23524.85,23527.4,23521.25,23523.05,0
2026-05-18 12:24:00,NIFTY,23523.05,23537.15,23522.05,23535.95,0
2026-05-18 12:25:00,NIFTY,23536.0,23546.0,23536.0,23546.0,0
2026-05-18 12:26:00,NIFTY,23546.2,23555.4,23545.55,23553.8,0
2026-05-18 12:27:00,NIFTY,23554.2,23554.5,23547.65,23552.0,0
2026-05-18 12:28:00,NIFTY,23551.9,23558.15,23548.3,23552.4,0
2026-05-18 12:29:00,NIFTY,23552.35,23555.65,23551.0,23553.45,0
2026-05-18 12:30:00,NIFTY,23553.5,23563.6,23553.5,23563.6,0
2026-05-18 12:31:00,NIFTY,23563.45,23574.75,23563.45,23570.1,0
2026-05-18 12:32:00,NIFTY,23570.35,23581.0,23567.8,23578.6,0
2026-05-18 12:33:00,NIFTY,23578.55,23581.9,23577.7,23579.35,0
2026-05-18 12:34:00,NIFTY,23579.8,23601.2,23579.7,23593.95,0
2026-05-18 12:35:00,NIFTY,23593.1,23606.55,23591.7,23601.35,0
2026-05-18 12:36:00,NIFTY,23601.8,23608.8,23600.9,23604.1,0
2026-05-18 12:37:00,NIFTY,23604.75,23607.65,23602.45,23603.1,0
2026-05-18 12:38:00,NIFTY,23602.6,23606.5,23599.25,23606.0,0
2026-05-18 12:39:00,NIFTY,23605.7,23610.0,23602.75,23604.4,0
2026-05-18 12:40:00,NIFTY,23604.25,23605.0,23592.2,23597.1,0
2026-05-18 12:41:00,NIFTY,23597.4,23608.05,23597.0,23598.45,0
2026-05-18 12:42:00,NIFTY,23598.4,23598.95,23586.85,23586.9,0
2026-05-18 12:43:00,NIFTY,23586.95,23587.8,23580.15,23581.5,0
2026-05-18 12:44:00,NIFTY,23581.95,23585.85,23578.75,23584.75,0
2026-05-18 12:45:00,NIFTY,23585.0,23587.1,23575.55,23575.7,0
2026-05-18 12:46:00,NIFTY,23576.0,23579.2,23572.65,23578.1,0
2026-05-18 12:47:00,NIFTY,23578.8,23588.75,23578.5,23588.1,0
2026-05-18 12:48:00,NIFTY,23588.1,23588.7,23581.2,23584.15,0
2026-05-18 12:49:00,NIFTY,23584.2,23586.5,23578.7,23578.75,0
2026-05-18 12:50:00,NIFTY,23579.2,23583.7,23577.0,23580.0,0
2026-05-18 12:51:00,NIFTY,23580.2,23586.3,23578.4,23584.6,0
2026-05-18 12:52:00,NIFTY,23585.0,23589.55,23584.8,23587.95,0
2026-05-18 12:53:00,NIFTY,23588.25,23590.5,23585.05,23589.6,0
2026-05-18 12:54:00,NIFTY,23590.05,23592.1,23586.5,23589.25,0
2026-05-18 12:55:00,NIFTY,23589.5,23602.4,23589.05,23601.8,0
2026-05-18 12:56:00,NIFTY,23601.4,23631.35,23601.4,23618.1,0
2026-05-18 12:57:00,NIFTY,23617.25,23628.6,23617.25,23627.3,0
2026-05-18 12:58:00,NIFTY,23626.4,23634.4,23626.4,23629.4,0
2026-05-18 12:59:00,NIFTY,23630.75,23637.9,23625.3,23636.9,0
2026-05-18 13:00:00,NIFTY,23637.15,23651.65,23636.85,23640.9,0
2026-05-18 13:01:00,NIFTY,23641.55,23643.15,23634.5,23635.4,0
2026-05-18 13:02:00,NIFTY,23635.6,23644.6,23634.7,23644.6,0
2026-05-18 13:03:00,NIFTY,23644.45,23661.65,23644.45,23656.85,0
2026-05-18 13:04:00,NIFTY,23656.95,23657.25,23645.55,23646.35,0
2026-05-18 13:05:00,NIFTY,23645.9,23647.25,23626.8,23627.25,0
2026-05-18 13:06:00,NIFTY,23627.1,23628.25,23615.75,23616.25,0
2026-05-18 13:07:00,NIFTY,23616.85,23617.4,23607.95,23608.95,0
2026-05-18 13:08:00,NIFTY,23608.7,23613.2,23605.25,23609.7,0
2026-05-18 13:09:00,NIFTY,23609.8,23612.0,23606.15,23610.35,0
2026-05-18 13:10:00,NIFTY,23610.65,23612.75,23599.7,23600.0,0
2026-05-18 13:11:00,NIFTY,23599.9,23600.95,23592.25,23600.95,0
2026-05-18 13:12:00,NIFTY,23600.9,23609.95,23599.95,23607.35,0
2026-05-18 13:13:00,NIFTY,23607.55,23607.55,23599.55,23605.3,0
2026-05-18 13:14:00,NIFTY,23605.2,23616.45,23605.2,23615.9,0
2026-05-18 13:15:00,NIFTY,23615.5,23620.25,23613.9,23617.2,0
2026-05-18 13:16:00,NIFTY,23617.8,23627.85,23617.6,23622.15,0
2026-05-18 13:17:00,NIFTY,23621.55,23623.3,23617.9,23619.05,0
2026-05-18 13:18:00,NIFTY,23618.9,23628.75,23618.35,23626.75,0
2026-05-18 13:19:00,NIFTY,23626.9,23628.55,23618.25,23620.35,0
2026-05-18 13:20:00,NIFTY,23620.5,23621.25,23603.55,23604.0,0
2026-05-18 13:21:00,NIFTY,23604.4,23614.3,23603.4,23607.85,0
2026-05-18 13:22:00,NIFTY,23608.4,23609.75,23598.2,23598.65,0
2026-05-18 13:23:00,NIFTY,23598.55,23606.55,23596.45,23605.55,0
2026-05-18 13:24:00,NIFTY,23605.85,23627.75,23605.65,23627.7,0
2026-05-18 13:25:00,NIFTY,23628.0,23632.9,23625.25,23627.3,0
2026-05-18 13:26:00,NIFTY,23627.6,23632.9,23618.35,23631.7,0
2026-05-18 13:27:00,NIFTY,23631.75,23634.25,23624.6,23624.85,0
2026-05-18 13:28:00,NIFTY,23625.0,23625.0,23611.0,23611.8,0
2026-05-18 13:29:00,NIFTY,23612.0,23619.75,23610.1,23618.95,0
2026-05-18 13:30:00,NIFTY,23618.35,23632.2,23618.3,23631.05,0
2026-05-18 13:31:00,NIFTY,23630.1,23633.5,23626.95,23627.55,0
2026-05-18 13:32:00,NIFTY,23627.4,23630.5,23623.3,23626.0,0
2026-05-18 13:33:00,NIFTY,23625.45,23627.1,23615.55,23615.6,0
2026-05-18 13:34:00,NIFTY,23615.65,23628.1,23611.8,23621.5,0
2026-05-18 13:35:00,NIFTY,23622.15,23628.4,23622.15,23626.65,0
2026-05-18 13:36:00,NIFTY,23626.5,23626.5,23611.75,23612.95,0
2026-05-18 13:37:00,NIFTY,23613.05,23618.1,23613.05,23615.2,0
2026-05-18 13:38:00,NIFTY,23615.1,23615.1,23609.2,23612.95,0
2026-05-18 13:39:00,NIFTY,23613.15,23616.3,23606.2,23607.05,0
2026-05-18 13:40:00,NIFTY,23607.0,23607.75,23599.15,23606.4,0
2026-05-18 13:41:00,NIFTY,23606.5,23609.85,23603.55,23608.7,0
2026-05-18 13:42:00,NIFTY,23609.15,23623.25,23608.65,23622.2,0
2026-05-18 13:43:00,NIFTY,23622.3,23630.8,23617.65,23619.2,0
2026-05-18 13:44:00,NIFTY,23618.75,23623.35,23618.75,23622.4,0
2026-05-18 13:45:00,NIFTY,23622.05,23624.05,23611.1,23611.1,0
2026-05-18 13:46:00,NIFTY,23611.15,23621.55,23604.05,23620.8,0
2026-05-18 13:47:00,NIFTY,23620.6,23622.65,23613.6,23616.55,0
2026-05-18 13:48:00,NIFTY,23616.6,23621.05,23612.5,23618.9,0
2026-05-18 13:49:00,NIFTY,23618.75,23625.5,23618.75,23624.45,0
2026-05-18 13:50:00,NIFTY,23625.05,23628.05,23623.1,23627.65,0
2026-05-18 13:51:00,NIFTY,23627.85,23633.9,23626.4,23633.9,0
2026-05-18 13:52:00,NIFTY,23634.25,23640.35,23633.0,23640.15,0
2026-05-18 13:53:00,NIFTY,23640.15,23646.35,23637.4,23640.65,0
2026-05-18 13:54:00,NIFTY,23640.75,23644.8,23636.35,23642.85,0
2026-05-18 13:55:00,NIFTY,23642.5,23650.95,23642.5,23650.7,0
2026-05-18 13:56:00,NIFTY,23651.05,23656.9,23648.85,23655.7,0
2026-05-18 13:57:00,NIFTY,23656.05,23659.4,23641.5,23641.5,0
2026-05-18 13:58:00,NIFTY,23641.1,23642.75,23634.05,23642.0,0
2026-05-18 13:59:00,NIFTY,23641.8,23647.05,23639.35,23640.9,0
2026-05-18 14:00:00,NIFTY,23641.25,23641.65,23628.5,23629.9,0
2026-05-18 14:01:00,NIFTY,23629.8,23633.75,23627.4,23630.8,0
2026-05-18 14:02:00,NIFTY,23631.05,23637.0,23631.05,23636.3,0
2026-05-18 14:03:00,NIFTY,23636.45,23652.0,23636.45,23647.55,0
2026-05-18 14:04:00,NIFTY,23647.8,23649.8,23640.65,23641.3,0
2026-05-18 14:05:00,NIFTY,23642.25,23644.2,23637.45,23637.45,0
2026-05-18 14:06:00,NIFTY,23637.55,23638.25,23618.6,23618.6,0
2026-05-18 14:07:00,NIFTY,23618.45,23619.85,23613.95,23617.55,0
2026-05-18 14:08:00,NIFTY,23617.75,23623.5,23612.65,23613.55,0
2026-05-18 14:09:00,NIFTY,23613.6,23619.2,23613.35,23615.15,0
2026-05-18 14:10:00,NIFTY,23615.15,23616.05,23606.7,23608.25,0
2026-05-18 14:11:00,NIFTY,23608.8,23617.85,23608.1,23617.05,0
2026-05-18 14:12:00,NIFTY,23616.3,23627.15,23616.3,23627.15,0
2026-05-18 14:13:00,NIFTY,23627.2,23638.1,23627.0,23630.15,0
2026-05-18 14:14:00,NIFTY,23630.05,23633.25,23621.15,23624.85,0
2026-05-18 14:15:00,NIFTY,23624.9,23624.9,23599.0,23609.75,0
2026-05-18 14:16:00,NIFTY,23609.7,23617.6,23608.5,23608.5,0
2026-05-18 14:17:00,NIFTY,23609.25,23611.6,23605.0,23608.85,0
2026-05-18 14:18:00,NIFTY,23608.9,23614.05,23608.9,23612.1,0
2026-05-18 14:19:00,NIFTY,23612.25,23613.6,23602.95,23612.15,0
2026-05-18 14:20:00,NIFTY,23612.4,23619.45,23611.65,23616.5,0
2026-05-18 14:21:00,NIFTY,23616.7,23618.5,23608.65,23609.8,0
2026-05-18 14:22:00,NIFTY,23609.95,23613.05,23608.85,23611.85,0
2026-05-18 14:23:00,NIFTY,23611.2,23614.65,23604.7,23607.3,0
2026-05-18 14:24:00,NIFTY,23607.95,23610.0,23591.05,23591.05,0
2026-05-18 14:25:00,NIFTY,23590.75,23592.65,23583.85,23586.1,0
2026-05-18 14:26:00,NIFTY,23586.5,23612.65,23586.5,23611.35,0
2026-05-18 14:27:00,NIFTY,23611.15,23620.7,23610.6,23613.9,0
2026-05-18 14:28:00,NIFTY,23614.1,23615.5,23608.15,23611.3,0
2026-05-18 14:29:00,NIFTY,23613.0,23619.9,23612.1,23614.35,0
2026-05-18 14:30:00,NIFTY,23613.5,23614.55,23604.4,23605.15,0
2026-05-18 14:31:00,NIFTY,23605.35,23621.9,23604.2,23619.9,0
2026-05-18 14:32:00,NIFTY,23619.9,23624.25,23614.05,23614.3,0
2026-05-18 14:33:00,NIFTY,23614.5,23616.05,23606.95,23609.95,0
2026-05-18 14:34:00,NIFTY,23609.05,23611.5,23595.9,23597.4,0
2026-05-18 14:35:00,NIFTY,23597.8,23599.15,23588.35,23591.15,0
2026-05-18 14:36:00,NIFTY,23591.5,23603.75,23589.85,23602.45,0
2026-05-18 14:37:00,NIFTY,23602.15,23603.65,23593.95,23595.1,0
2026-05-18 14:38:00,NIFTY,23595.75,23596.3,23588.9,23591.55,0
2026-05-18 14:39:00,NIFTY,23591.75,23594.4,23586.05,23587.1,0
2026-05-18 14:40:00,NIFTY,23586.6,23592.2,23582.0,23590.1,0
2026-05-18 14:41:00,NIFTY,23590.2,23597.85,23588.7,23594.85,0
2026-05-18 14:42:00,NIFTY,23594.25,23604.3,23594.2,23601.9,0
2026-05-18 14:43:00,NIFTY,23601.75,23605.8,23601.65,23605.8,0
2026-05-18 14:44:00,NIFTY,23605.45,23611.3,23602.15,23602.95,0
2026-05-18 14:45:00,NIFTY,23603.35,23604.75,23596.65,23597.65,0
2026-05-18 14:46:00,NIFTY,23597.55,23607.9,23597.55,23605.0,0
2026-05-18 14:47:00,NIFTY,23605.3,23606.15,23597.8,23598.2,0
2026-05-18 14:48:00,NIFTY,23598.15,23598.9,23586.0,23586.35,0
2026-05-18 14:49:00,NIFTY,23586.95,23594.6,23585.75,23585.75,0
2026-05-18 14:50:00,NIFTY,23586.05,23591.85,23584.2,23588.45,0
2026-05-18 14:51:00,NIFTY,23588.2,23589.15,23584.5,23587.45,0
2026-05-18 14:52:00,NIFTY,23587.9,23592.6,23584.45,23584.8,0
2026-05-18 14:53:00,NIFTY,23584.9,23588.05,23583.5,23587.3,0
2026-05-18 14:54:00,NIFTY,23586.9,23595.5,23586.9,23592.1,0
2026-05-18 14:55:00,NIFTY,23592.65,23593.15,23583.85,23584.9,0
2026-05-18 14:56:00,NIFTY,23584.8,23592.8,23581.95,23592.4,0
2026-05-18 14:57:00,NIFTY,23592.5,23595.95,23585.35,23594.95,0
2026-05-18 14:58:00,NIFTY,23594.75,23598.0,23586.3,23589.9,0
2026-05-18 14:59:00,NIFTY,23590.0,23597.35,23587.2,23591.5,0
2026-05-18 15:00:00,NIFTY,23591.0,23666.3,23590.25,23665.8,0
2026-05-18 15:01:00,NIFTY,23665.4,23681.15,23665.1,23679.45,0
2026-05-18 15:02:00,NIFTY,23679.85,23695.65,23679.25,23682.8,0
2026-05-18 15:03:00,NIFTY,23682.8,23684.0,23677.55,23682.9,0
2026-05-18 15:04:00,NIFTY,23682.9,23686.4,23662.7,23662.7,0
2026-05-18 15:05:00,NIFTY,23662.45,23674.25,23662.45,23670.3,0
2026-05-18 15:06:00,NIFTY,23670.65,23671.65,23658.05,23661.4,0
2026-05-18 15:07:00,NIFTY,23661.3,23664.3,23654.6,23660.8,0
2026-05-18 15:08:00,NIFTY,23660.4,23661.55,23637.1,23637.25,0
2026-05-18 15:09:00,NIFTY,23638.3,23641.2,23629.1,23637.7,0
2026-05-18 15:10:00,NIFTY,23637.7,23644.7,23636.2,23643.9,0
2026-05-18 15:11:00,NIFTY,23643.9,23649.8,23641.8,23648.0,0
2026-05-18 15:12:00,NIFTY,23648.7,23648.7,23632.9,23637.45,0
2026-05-18 15:13:00,NIFTY,23637.25,23638.25,23631.65,23632.15,0
2026-05-18 15:14:00,NIFTY,23631.9,23636.55,23631.85,23634.6,0
2026-05-18 15:15:00,NIFTY,23634.25,23635.6,23628.9,23630.35,0
2026-05-18 15:16:00,NIFTY,23630.35,23632.05,23627.2,23630.15,0
2026-05-18 15:17:00,NIFTY,23630.15,23630.25,23619.3,23621.7,0
2026-05-18 15:18:00,NIFTY,23622.0,23628.2,23620.8,23626.25,0
2026-05-18 15:19:00,NIFTY,23626.3,23630.3,23625.55,23626.9,0
2026-05-18 15:20:00,NIFTY,23626.95,23633.25,23626.2,23632.45,0
2026-05-18 15:21:00,NIFTY,23632.2,23646.9,23632.1,23644.7,0
2026-05-18 15:22:00,NIFTY,23644.6,23654.2,23644.35,23652.6,0
2026-05-18 15:23:00,NIFTY,23652.6,23654.15,23647.3,23651.1,0
2026-05-18 15:24:00,NIFTY,23651.1,23658.35,23649.4,23657.3,0
2026-05-18 15:25:00,NIFTY,23657.0,23658.4,23647.65,23648.0,0
2026-05-18 15:26:00,NIFTY,23647.7,23649.9,23646.7,23649.1,0
2026-05-18 15:27:00,NIFTY,23648.25,23649.45,23641.7,23646.1,0
2026-05-18 15:28:00,NIFTY,23646.25,23650.0,23640.2,23647.4,0
2026-05-18 15:29:00,NIFTY,23647.4,23650.9,23640.05,23644.45,0
